{
  "aor": 0.0005285542168674698,
  "aqi": 0.0036112316867469886,
  "dvars_nstd": 20.594178806181816,
  "dvars_std": 1.1319494401212127,
  "dvars_vstd": 0.9916540807272725,
  "efc": 0.5785173678056302,
  "fber": 54.604061126708984,
  "fd_mean": 0.2679230805393939,
  "fd_num": 0,
  "fd_perc": 0.0,
  "fwhm_avg": 6.77436,
  "fwhm_x": 5.88199,
  "fwhm_y": 7.19085,
  "fwhm_z": 7.35021,
  "gcor": 0.030670062605156957,
  "gsr_x": -0.005113381892442703,
  "gsr_y": 0.05073952674865723,
  "metadata": {
    "EchoTime": 0,
    "FlipAngle": 90,
    "MRAcquisitionType": "2D",
    "MagneticFieldStrength": 3,
    "Manufacturer": "SIEMENS",
    "ManufacturerModelName": "TrioTim",
    "RepetitionTime": 2,
    "ScanOptions": "FS",
    "ScanningSequence": "EP",
    "SequenceName": "epfid2d1_64",
    "SequenceVariant": "SK",
    "SliceTiming": [
      0.0037500000050000315,
      0.5,
      -0.030000000000000027,
      0.4675,
      -0.0625,
      0.43375000000999997,
      -0.09624999999999995,
      0.40125000001,
      -0.12874999999000003,
      0.36750000001,
      -0.16249999998999998,
      0.33500000000499996,
      -0.19499999998999995,
      0.301250000005,
      -0.228749999995,
      0.26875000000500004,
      -0.2612499999950001,
      0.235,
      -0.29500000000000004,
      0.2025,
      -0.3275,
      0.16875000001,
      -0.36124999999999996,
      0.13625000000999998,
      -0.39374999999000004,
      0.10250000000999998,
      -0.42749999999,
      0.07000000000500001,
      -0.45999999998999996,
      0.036250000005000005
    ],
    "TaskName": "dis",
    "qc_type": "func",
    "run_id": "03",
    "subject_id": "38",
    "task_id": "dis"
  },
  "size_t": 166,
  "size_x": 64,
  "size_y": 64,
  "size_z": 30,
  "snr": 5.132692877399376,
  "spacing_tr": 1.0,
  "spacing_x": 3.125,
  "spacing_y": 3.125,
  "spacing_z": 4.000000953674316,
  "spikes_num": 0,
  "summary_bg_k": 18.212751301255086,
  "summary_bg_mean": 64.13241577148438,
  "summary_bg_p05": 16.813251495361328,
  "summary_bg_p95": 254.59697723388678,
  "summary_bg_stdv": 92.4662094116211,
  "summary_fg_k": 0.8471284246545001,
  "summary_fg_mean": 815.5013427734375,
  "summary_fg_p05": 505.06473541259766,
  "summary_fg_p95": 1064.2954650878905,
  "summary_fg_stdv": 162.5017547607422,
  "tsnr": 87.58125305175781
}