{
  "aor": 0.0012234939759036144,
  "aqi": 0.003142107530120482,
  "dvars_nstd": 19.446700350545466,
  "dvars_std": 1.1282260477575756,
  "dvars_vstd": 1.0044765556969697,
  "efc": 0.6051591035910967,
  "fber": 37.63102722167969,
  "fd_mean": 0.16997260840121212,
  "fd_num": 0,
  "fd_perc": 0.0,
  "fwhm_avg": 7.19209,
  "fwhm_x": 6.42735,
  "fwhm_y": 7.66266,
  "fwhm_z": 7.5536,
  "gcor": 0.024195854922375047,
  "gsr_x": 0.005957209505140781,
  "gsr_y": 0.051379602402448654,
  "metadata": {
    "EchoTime": 0,
    "FlipAngle": 90,
    "MRAcquisitionType": "2D",
    "MagneticFieldStrength": 3,
    "Manufacturer": "SIEMENS",
    "ManufacturerModelName": "TrioTim",
    "RepetitionTime": 2,
    "ScanOptions": "FS",
    "ScanningSequence": "EP",
    "SequenceName": "epfid2d1_64",
    "SequenceVariant": "SK",
    "SliceTiming": [
      0.0024999999900000014,
      0.5,
      -0.030000000000000027,
      0.46625,
      -0.06374999999999997,
      0.43374999999499997,
      -0.09624999999999995,
      0.399999999995,
      -0.1300000000049999,
      0.367499999995,
      -0.16250000000499998,
      0.33374999999,
      -0.19625000001000004,
      0.30124999999,
      -0.22875000001,
      0.26749999998499996,
      -0.26250000000999996,
      0.235,
      -0.29500000001499993,
      0.20124999999999998,
      -0.32875,
      0.168749999995,
      -0.36124999999999996,
      0.134999999995,
      -0.3950000000049999,
      0.10249999999499998,
      -0.427500000005,
      0.06874999998999998,
      -0.46125000001000005,
      0.036249999990000004
    ],
    "TaskName": "dis",
    "qc_type": "func",
    "run_id": "04",
    "subject_id": "45",
    "task_id": "dis"
  },
  "size_t": 166,
  "size_x": 64,
  "size_y": 64,
  "size_z": 30,
  "snr": 4.559969346259555,
  "spacing_tr": 1.0,
  "spacing_x": 3.125,
  "spacing_y": 3.125,
  "spacing_z": 4.000000476837158,
  "spikes_num": 0,
  "summary_bg_k": 13.890068560973415,
  "summary_bg_mean": 86.14630889892578,
  "summary_bg_p05": 18.614458084106445,
  "summary_bg_p95": 342.50901794433594,
  "summary_bg_stdv": 118.27050018310547,
  "summary_fg_k": 0.5653403936195089,
  "summary_fg_mean": 876.2042236328125,
  "summary_fg_p05": 537.5541748046875,
  "summary_fg_p95": 1189.9421142578126,
  "summary_fg_stdv": 194.71136474609375,
  "tsnr": 80.43956756591797
}