{
  "aor": 0.005392108433734939,
  "aqi": 0.004929067289156627,
  "dvars_nstd": 16.681080483030303,
  "dvars_std": 1.0911855022424244,
  "dvars_vstd": 1.0159664355757574,
  "efc": 0.5852283326350587,
  "fber": 61.26271438598633,
  "fd_mean": 0.23510616932420605,
  "fd_num": 9,
  "fd_perc": 5.421686746987952,
  "fwhm_avg": 6.73296,
  "fwhm_x": 5.95086,
  "fwhm_y": 7.01095,
  "fwhm_z": 7.31579,
  "gcor": 0.048798842602465524,
  "gsr_x": -0.012839323841035366,
  "gsr_y": 0.05530411750078201,
  "metadata": {
    "EchoTime": 0,
    "FlipAngle": 90,
    "MRAcquisitionType": "2D",
    "MagneticFieldStrength": 3,
    "Manufacturer": "SIEMENS",
    "ManufacturerModelName": "TrioTim",
    "RepetitionTime": 2,
    "ScanOptions": "FS",
    "ScanningSequence": "EP",
    "SequenceName": "epfid2d1_64",
    "SequenceVariant": "SK",
    "SliceTiming": [
      0.0025000000000000022,
      0.5,
      -0.030000000000000027,
      0.46625000001,
      -0.06374999998500008,
      0.43375000000999997,
      -0.09624999998999995,
      0.40000000001,
      -0.12999999999,
      0.36750000001,
      -0.16249999998999998,
      0.333750000005,
      -0.19624999999500004,
      0.301250000005,
      -0.228749999995,
      0.26749999999999996,
      -0.26249999999500007,
      0.235,
      -0.29500000000000004,
      0.20125000001499999,
      -0.3287499999850001,
      0.16875000001,
      -0.36124999998500007,
      0.13500000001,
      -0.39499999999,
      0.10250000000999998,
      -0.42749999999,
      0.06875000000499998,
      -0.46124999999500005,
      0.036250000005000005
    ],
    "TaskName": "dis",
    "qc_type": "func",
    "run_id": "03",
    "subject_id": "12",
    "task_id": "dis"
  },
  "size_t": 166,
  "size_x": 64,
  "size_y": 64,
  "size_z": 30,
  "snr": 5.199148224432966,
  "spacing_tr": 1.0,
  "spacing_x": 3.125,
  "spacing_y": 3.125,
  "spacing_z": 3.999999761581421,
  "spikes_num": 0,
  "summary_bg_k": 16.297317764694167,
  "summary_bg_mean": 57.596107482910156,
  "summary_bg_p05": 15.759035110473633,
  "summary_bg_p95": 229.7234893798825,
  "summary_bg_stdv": 82.23979187011719,
  "summary_fg_k": 1.0908486137433862,
  "summary_fg_mean": 771.1353759765625,
  "summary_fg_p05": 488.1373229980469,
  "summary_fg_p95": 1001.9626098632807,
  "summary_fg_stdv": 151.3964080810547,
  "tsnr": 76.16835021972656
}