{
  "aor": 0.0013084337349397591,
  "aqi": 0.0036627055421686746,
  "dvars_nstd": 16.940903437939394,
  "dvars_std": 1.157205310545455,
  "dvars_vstd": 1.00662178909091,
  "efc": 0.5402586102337996,
  "fber": 73.87374877929688,
  "fd_mean": 0.10894552032678789,
  "fd_num": 0,
  "fd_perc": 0.0,
  "fwhm_avg": 6.79961,
  "fwhm_x": 6.07327,
  "fwhm_y": 7.00619,
  "fwhm_z": 7.38836,
  "gcor": 0.05956071256154991,
  "gsr_x": -0.012775630690157413,
  "gsr_y": 0.03868667036294937,
  "metadata": {
    "EchoTime": 0,
    "FlipAngle": 90,
    "MRAcquisitionType": "2D",
    "MagneticFieldStrength": 3,
    "Manufacturer": "SIEMENS",
    "ManufacturerModelName": "TrioTim",
    "RepetitionTime": 2,
    "ScanOptions": "FS",
    "ScanningSequence": "EP",
    "SequenceName": "epfid2d1_64",
    "SequenceVariant": "SK",
    "SliceTiming": [
      0.0037500000050000315,
      0.5,
      -0.030000000000000027,
      0.4675,
      -0.0625,
      0.43375000000999997,
      -0.09624999998999995,
      0.40125000001,
      -0.12874999999000003,
      0.36750000001,
      -0.16249999998999998,
      0.33500000000499996,
      -0.19499999998999995,
      0.301250000005,
      -0.228749999995,
      0.26875000000500004,
      -0.2612499999950001,
      0.235,
      -0.29500000000000004,
      0.2025,
      -0.3275,
      0.16875000001,
      -0.36124999998500007,
      0.13625000000999998,
      -0.39374999999000004,
      0.10250000000999998,
      -0.42749999999,
      0.07000000000500001,
      -0.45999999998999996,
      0.036250000005000005
    ],
    "TaskName": "dis",
    "qc_type": "func",
    "run_id": "02",
    "subject_id": "22",
    "task_id": "dis"
  },
  "size_t": 166,
  "size_x": 64,
  "size_y": 64,
  "size_z": 30,
  "snr": 5.238335531655017,
  "spacing_tr": 1.0,
  "spacing_x": 3.125,
  "spacing_y": 3.125,
  "spacing_z": 4.000002384185791,
  "spikes_num": 0,
  "summary_bg_k": 30.11474878792736,
  "summary_bg_mean": 56.22528839111328,
  "summary_bg_p05": 15.837348937988281,
  "summary_bg_p95": 216.03432464599598,
  "summary_bg_stdv": 84.19820404052734,
  "summary_fg_k": 0.8729371398437293,
  "summary_fg_mean": 853.9569702148438,
  "summary_fg_p05": 532.6460876464844,
  "summary_fg_p95": 1105.6942138671875,
  "summary_fg_stdv": 167.35960388183594,
  "tsnr": 89.08822631835938
}