{
  "aor": 0.0007634939759036144,
  "aqi": 0.008738136626506025,
  "dvars_nstd": 47.125156171696965,
  "dvars_std": 1.19477062230303,
  "dvars_vstd": 0.9614124021212122,
  "efc": 0.5578898322826806,
  "fber": 72.24263000488281,
  "fd_mean": 0.7624225125272727,
  "fd_num": 23,
  "fd_perc": 13.855421686746988,
  "fwhm_avg": 6.66088,
  "fwhm_x": 5.78676,
  "fwhm_y": 7.16374,
  "fwhm_z": 7.12886,
  "gcor": 0.018087269311927886,
  "gsr_x": -0.013598090969026089,
  "gsr_y": 0.04857584834098816,
  "metadata": {
    "EchoTime": 0,
    "FlipAngle": 90,
    "MRAcquisitionType": "2D",
    "MagneticFieldStrength": 3,
    "Manufacturer": "SIEMENS",
    "ManufacturerModelName": "TrioTim",
    "RepetitionTime": 2,
    "ScanOptions": "FS",
    "ScanningSequence": "EP",
    "SequenceName": "epfid2d1_64",
    "SequenceVariant": "SK",
    "SliceTiming": [
      0.0025000000000000022,
      0.5,
      -0.030000000000000027,
      0.46625,
      -0.06374999999999997,
      0.43374999999499997,
      -0.09624999999999995,
      0.399999999995,
      -0.1300000000049999,
      0.367499999995,
      -0.16250000000499998,
      0.333750000005,
      -0.19625000001000004,
      0.301250000005,
      -0.228749999995,
      0.26749999999999996,
      -0.26249999999500007,
      0.235,
      -0.29500000000000004,
      0.20124999999999998,
      -0.32875,
      0.168749999995,
      -0.36124999999999996,
      0.134999999995,
      -0.3950000000049999,
      0.10249999999499998,
      -0.427500000005,
      0.06874999998999998,
      -0.46125000001000005,
      0.036250000005000005
    ],
    "TaskName": "dis",
    "qc_type": "func",
    "run_id": "03",
    "subject_id": "27",
    "task_id": "dis"
  },
  "size_t": 166,
  "size_x": 64,
  "size_y": 64,
  "size_z": 30,
  "snr": 4.863420328342875,
  "spacing_tr": 1.0,
  "spacing_x": 3.125,
  "spacing_y": 3.125,
  "spacing_z": 3.999999761581421,
  "spikes_num": 0,
  "summary_bg_k": 18.705805112801915,
  "summary_bg_mean": 57.680145263671875,
  "summary_bg_p05": 17.648794746398927,
  "summary_bg_p95": 217.45299835205086,
  "summary_bg_stdv": 78.61377716064453,
  "summary_fg_k": 1.3410659006414232,
  "summary_fg_mean": 811.41796875,
  "summary_fg_p05": 513.956591796875,
  "summary_fg_p95": 1083.6228515624998,
  "summary_fg_stdv": 168.5836639404297,
  "tsnr": 60.6900634765625
}