{
  "aor": 0.0018249397590361445,
  "aqi": 0.004232508734939759,
  "dvars_nstd": 19.71735508648484,
  "dvars_std": 1.1561128476363636,
  "dvars_vstd": 1.0096497761818182,
  "efc": 0.5476823264664155,
  "fber": 76.06543731689453,
  "fd_mean": 0.2739777416213618,
  "fd_num": 1,
  "fd_perc": 0.6024096385542169,
  "fwhm_avg": 6.71647,
  "fwhm_x": 5.97949,
  "fwhm_y": 6.99336,
  "fwhm_z": 7.24557,
  "gcor": 0.0217073897281325,
  "gsr_x": -0.01473409216850996,
  "gsr_y": 0.04926469922065735,
  "metadata": {
    "EchoTime": 0,
    "FlipAngle": 90,
    "MRAcquisitionType": "2D",
    "MagneticFieldStrength": 3,
    "Manufacturer": "SIEMENS",
    "ManufacturerModelName": "TrioTim",
    "RepetitionTime": 2,
    "ScanOptions": "FS",
    "ScanningSequence": "EP",
    "SequenceName": "epfid2d1_64",
    "SequenceVariant": "SK",
    "SliceTiming": [
      0.0037499999899999747,
      0.5,
      -0.030000000014999917,
      0.4675,
      -0.0625,
      0.43374999999499997,
      -0.09624999999999995,
      0.401249999995,
      -0.12875000000499992,
      0.367499999995,
      -0.16250000000499998,
      0.33499999998999996,
      -0.19500000000499995,
      0.30124999999,
      -0.22875000001,
      0.26874999999,
      -0.26125000001,
      0.23499999998499999,
      -0.29500000001499993,
      0.2025,
      -0.3275000000149999,
      0.168749999995,
      -0.36124999999999996,
      0.13624999999499998,
      -0.39375000000499993,
      0.10249999999499998,
      -0.427500000005,
      0.06999999999,
      -0.46000000000499996,
      0.036249999990000004
    ],
    "TaskName": "dis",
    "qc_type": "func",
    "run_id": "04",
    "subject_id": "34",
    "task_id": "dis"
  },
  "size_t": 166,
  "size_x": 64,
  "size_y": 64,
  "size_z": 30,
  "snr": 4.93301128643815,
  "spacing_tr": 1.0,
  "spacing_x": 3.125,
  "spacing_y": 3.125,
  "spacing_z": 3.9999990463256836,
  "spikes_num": 0,
  "summary_bg_k": 23.244692642921937,
  "summary_bg_mean": 51.004798889160156,
  "summary_bg_p05": 16.566265106201172,
  "summary_bg_p95": 196.9144561767574,
  "summary_bg_stdv": 74.52201843261719,
  "summary_fg_k": 1.1764344145326016,
  "summary_fg_mean": 771.6115112304688,
  "summary_fg_p05": 488.259033203125,
  "summary_fg_p95": 1022.9096069335938,
  "summary_fg_stdv": 157.89474487304688,
  "tsnr": 80.31157684326172
}