{
  "aor": 0.0008850602409638554,
  "aqi": 0.003453818192771085,
  "dvars_nstd": 19.839387466060604,
  "dvars_std": 1.2295245569090902,
  "dvars_vstd": 1.006111180181818,
  "efc": 0.6050717405824512,
  "fber": 72.8226547241211,
  "fd_mean": 0.1281885534299394,
  "fd_num": 0,
  "fd_perc": 0.0,
  "fwhm_avg": 7.08687,
  "fwhm_x": 6.26526,
  "fwhm_y": 7.43255,
  "fwhm_z": 7.64338,
  "gcor": 0.014054743640394095,
  "gsr_x": -0.01360453199595213,
  "gsr_y": 0.0649891197681427,
  "metadata": {
    "EchoTime": 0,
    "FlipAngle": 90,
    "MRAcquisitionType": "2D",
    "MagneticFieldStrength": 3,
    "Manufacturer": "SIEMENS",
    "ManufacturerModelName": "TrioTim",
    "RepetitionTime": 2,
    "ScanOptions": "FS",
    "ScanningSequence": "EP",
    "SequenceName": "epfid2d1_64",
    "SequenceVariant": "SK",
    "SliceTiming": [
      0.0025000000000000022,
      0.5,
      -0.030000000000000027,
      0.46625,
      -0.06374999999999997,
      0.43374999999499997,
      -0.09624999999999995,
      0.399999999995,
      -0.1300000000049999,
      0.367499999995,
      -0.16250000000499998,
      0.333750000005,
      -0.19625000001000004,
      0.301250000005,
      -0.228749999995,
      0.26749999999999996,
      -0.26249999999500007,
      0.235,
      -0.29500000000000004,
      0.20124999999999998,
      -0.32875,
      0.168749999995,
      -0.36124999999999996,
      0.134999999995,
      -0.3950000000049999,
      0.10249999999499998,
      -0.427500000005,
      0.06875000000499998,
      -0.46125000001000005,
      0.036250000005000005
    ],
    "TaskName": "dis",
    "qc_type": "func",
    "run_id": "01",
    "subject_id": "18",
    "task_id": "dis"
  },
  "size_t": 166,
  "size_x": 64,
  "size_y": 64,
  "size_z": 30,
  "snr": 4.934236857084049,
  "spacing_tr": 1.0,
  "spacing_x": 3.125,
  "spacing_y": 3.125,
  "spacing_z": 3.999999761581421,
  "spikes_num": 0,
  "summary_bg_k": 16.051240137311336,
  "summary_bg_mean": 60.24904251098633,
  "summary_bg_p05": 16.66867446899414,
  "summary_bg_p95": 233.16143798828108,
  "summary_bg_stdv": 82.11688995361328,
  "summary_fg_k": 0.872820997619852,
  "summary_fg_mean": 851.5673217773438,
  "summary_fg_p05": 545.2740783691406,
  "summary_fg_p95": 1136.1566162109375,
  "summary_fg_stdv": 173.8739471435547,
  "tsnr": 93.7961654663086
}