{
  "aor": 0.037824156626506025,
  "aqi": 0.012014285240963854,
  "dvars_nstd": 32.379899128727274,
  "dvars_std": 1.615108040181819,
  "dvars_vstd": 1.4524880298787886,
  "efc": 0.5401241781755981,
  "fber": 72.01918029785156,
  "fd_mean": 0.5551385508107879,
  "fd_num": 28,
  "fd_perc": 16.867469879518072,
  "fwhm_avg": 7.0199,
  "fwhm_x": 6.29012,
  "fwhm_y": 7.20091,
  "fwhm_z": 7.63743,
  "gcor": 0.43291928394731266,
  "gsr_x": -0.014486207626760006,
  "gsr_y": 0.03877982497215271,
  "metadata": {
    "EchoTime": 0,
    "FlipAngle": 90,
    "MRAcquisitionType": "2D",
    "MagneticFieldStrength": 3,
    "Manufacturer": "SIEMENS",
    "ManufacturerModelName": "TrioTim",
    "RepetitionTime": 2,
    "ScanOptions": "FS",
    "ScanningSequence": "EP",
    "SequenceName": "epfid2d1_64",
    "SequenceVariant": "SK",
    "SliceTiming": [
      0.0037500000050000315,
      0.5,
      -0.030000000000000027,
      0.4675,
      -0.0625,
      0.43374999999499997,
      -0.09624999999999995,
      0.401249999995,
      -0.12875000000499992,
      0.36750000001,
      -0.16250000000499998,
      0.33500000000499996,
      -0.19499999998999995,
      0.301250000005,
      -0.228749999995,
      0.26875000000500004,
      -0.2612499999950001,
      0.235,
      -0.29500000000000004,
      0.2025,
      -0.3275,
      0.168749999995,
      -0.36124999999999996,
      0.13624999999499998,
      -0.39375000000499993,
      0.10250000000999998,
      -0.427500000005,
      0.07000000000500001,
      -0.45999999998999996,
      0.036250000005000005
    ],
    "TaskName": "dis",
    "qc_type": "func",
    "run_id": "05",
    "subject_id": "22",
    "task_id": "dis"
  },
  "size_t": 166,
  "size_x": 64,
  "size_y": 64,
  "size_z": 30,
  "snr": 5.285130281402452,
  "spacing_tr": 1.0,
  "spacing_x": 3.125,
  "spacing_y": 3.125,
  "spacing_z": 4.000002384185791,
  "spikes_num": 1,
  "summary_bg_k": 28.037622707369234,
  "summary_bg_mean": 56.8393440246582,
  "summary_bg_p05": 15.825300216674805,
  "summary_bg_p95": 219.92770385742188,
  "summary_bg_stdv": 85.48976135253906,
  "summary_fg_k": 0.7679967570273476,
  "summary_fg_mean": 855.2174072265625,
  "summary_fg_p05": 538.1620239257813,
  "summary_fg_p95": 1102.7487426757812,
  "summary_fg_stdv": 166.21824645996094,
  "tsnr": 45.69939041137695
}