{
  "aor": 0.001446024096385542,
  "aqi": 0.007236676807228916,
  "dvars_nstd": 36.97470610642426,
  "dvars_std": 1.3019979914545448,
  "dvars_vstd": 0.999826650666667,
  "efc": 0.5869450454702521,
  "fber": 71.88626861572266,
  "fd_mean": 0.4410000741054545,
  "fd_num": 7,
  "fd_perc": 4.216867469879518,
  "fwhm_avg": 7.10365,
  "fwhm_x": 6.13608,
  "fwhm_y": 7.52267,
  "fwhm_z": 7.76572,
  "gcor": 0.032407214842646956,
  "gsr_x": -0.01425256859511137,
  "gsr_y": 0.06246666610240936,
  "metadata": {
    "EchoTime": 0,
    "FlipAngle": 90,
    "MRAcquisitionType": "2D",
    "MagneticFieldStrength": 3,
    "Manufacturer": "SIEMENS",
    "ManufacturerModelName": "TrioTim",
    "RepetitionTime": 2,
    "ScanOptions": "FS",
    "ScanningSequence": "EP",
    "SequenceName": "epfid2d1_64",
    "SequenceVariant": "SK",
    "SliceTiming": [
      0.0037500000050000315,
      0.5,
      -0.030000000000000027,
      0.4675,
      -0.0625,
      0.43374999999499997,
      -0.09624999999999995,
      0.401249999995,
      -0.12875000000499992,
      0.36750000001,
      -0.16250000000499998,
      0.33500000000499996,
      -0.19499999998999995,
      0.301250000005,
      -0.228749999995,
      0.26875000000500004,
      -0.2612499999950001,
      0.235,
      -0.29500000000000004,
      0.2025,
      -0.3275,
      0.168749999995,
      -0.36124999999999996,
      0.13624999999499998,
      -0.39375000000499993,
      0.10250000000999998,
      -0.427500000005,
      0.07000000000500001,
      -0.45999999998999996,
      0.036250000005000005
    ],
    "TaskName": "dis",
    "qc_type": "func",
    "run_id": "02",
    "subject_id": "39",
    "task_id": "dis"
  },
  "size_t": 166,
  "size_x": 64,
  "size_y": 64,
  "size_z": 30,
  "snr": 4.7707938641464205,
  "spacing_tr": 1.0,
  "spacing_x": 3.125,
  "spacing_y": 3.125,
  "spacing_z": 3.999999761581421,
  "spikes_num": 0,
  "summary_bg_k": 14.963772225438785,
  "summary_bg_mean": 63.699180603027344,
  "summary_bg_p05": 18.180721282958984,
  "summary_bg_p95": 242.56535034179683,
  "summary_bg_stdv": 85.56632232666016,
  "summary_fg_k": 1.2192886266051355,
  "summary_fg_mean": 885.0368041992188,
  "summary_fg_p05": 569.6144409179688,
  "summary_fg_p95": 1200.7788940429687,
  "summary_fg_stdv": 186.32424926757812,
  "tsnr": 70.1536865234375
}