{
  "aor": 0.001358975903614458,
  "aqi": 0.003434088855421686,
  "dvars_nstd": 19.22216193987878,
  "dvars_std": 1.1208361426060611,
  "dvars_vstd": 1.0051960541818183,
  "efc": 0.5660207134403802,
  "fber": 59.62060546875,
  "fd_mean": 0.2595294181636364,
  "fd_num": 0,
  "fd_perc": 0.0,
  "fwhm_avg": 6.89571,
  "fwhm_x": 6.06562,
  "fwhm_y": 7.28934,
  "fwhm_z": 7.41607,
  "gcor": 0.04628522137561476,
  "gsr_x": 0.005983907729387283,
  "gsr_y": 0.0485745444893837,
  "metadata": {
    "EchoTime": 0,
    "FlipAngle": 90,
    "MRAcquisitionType": "2D",
    "MagneticFieldStrength": 3,
    "Manufacturer": "SIEMENS",
    "ManufacturerModelName": "TrioTim",
    "RepetitionTime": 2,
    "ScanOptions": "FS",
    "ScanningSequence": "EP",
    "SequenceName": "epfid2d1_64",
    "SequenceVariant": "SK",
    "SliceTiming": [
      0.0037500000050000315,
      0.5,
      -0.030000000000000027,
      0.4675,
      -0.0625,
      0.43374999999499997,
      -0.09624999999999995,
      0.401249999995,
      -0.12875000000499992,
      0.367499999995,
      -0.16250000000499998,
      0.33500000000499996,
      -0.19500000000499995,
      0.301250000005,
      -0.228749999995,
      0.26875000000500004,
      -0.2612499999950001,
      0.235,
      -0.29500000000000004,
      0.2025,
      -0.3275,
      0.168749999995,
      -0.36124999999999996,
      0.13624999999499998,
      -0.39375000000499993,
      0.10249999999499998,
      -0.427500000005,
      0.06999999999,
      -0.46000000000499996,
      0.036250000005000005
    ],
    "TaskName": "dis",
    "qc_type": "func",
    "run_id": "02",
    "subject_id": "15",
    "task_id": "dis"
  },
  "size_t": 166,
  "size_x": 64,
  "size_y": 64,
  "size_z": 30,
  "snr": 5.25409838193186,
  "spacing_tr": 1.0,
  "spacing_x": 3.125,
  "spacing_y": 3.125,
  "spacing_z": 4.000000476837158,
  "spikes_num": 0,
  "summary_bg_k": 13.24472850454082,
  "summary_bg_mean": 63.78171157836914,
  "summary_bg_p05": 16.8795166015625,
  "summary_bg_p95": 261.3409545898434,
  "summary_bg_stdv": 89.40382385253906,
  "summary_fg_k": 0.8674690067485478,
  "summary_fg_mean": 832.0180053710938,
  "summary_fg_p05": 511.1626281738281,
  "summary_fg_p95": 1065.05419921875,
  "summary_fg_stdv": 163.8269500732422,
  "tsnr": 87.17549896240234
}