{
  "aor": 0.004092469879518072,
  "aqi": 0.004646685662650603,
  "dvars_nstd": 25.1895866970303,
  "dvars_std": 1.1988899867272729,
  "dvars_vstd": 1.0307041539999995,
  "efc": 0.5601656089425872,
  "fber": 70.01008605957031,
  "fd_mean": 0.3948652645781818,
  "fd_num": 11,
  "fd_perc": 6.626506024096385,
  "fwhm_avg": 7.31557,
  "fwhm_x": 6.58303,
  "fwhm_y": 7.65612,
  "fwhm_z": 7.76802,
  "gcor": 0.04384118103119264,
  "gsr_x": -0.016039542853832245,
  "gsr_y": 0.051666464656591415,
  "metadata": {
    "EchoTime": 0,
    "FlipAngle": 90,
    "MRAcquisitionType": "2D",
    "MagneticFieldStrength": 3,
    "Manufacturer": "SIEMENS",
    "ManufacturerModelName": "TrioTim",
    "RepetitionTime": 2,
    "ScanOptions": "FS",
    "ScanningSequence": "EP",
    "SequenceName": "epfid2d1_64",
    "SequenceVariant": "SK",
    "SliceTiming": [
      0.0037500000050000315,
      0.5,
      -0.030000000000000027,
      0.4675,
      -0.0625,
      0.43374999999499997,
      -0.09624999999999995,
      0.401249999995,
      -0.12875000000499992,
      0.36750000001,
      -0.16249999998999998,
      0.33500000000499996,
      -0.19499999998999995,
      0.301250000005,
      -0.228749999995,
      0.26875000000500004,
      -0.2612499999950001,
      0.235,
      -0.29500000000000004,
      0.2025,
      -0.3275,
      0.168749999995,
      -0.36124999999999996,
      0.13624999999499998,
      -0.39375000000499993,
      0.10250000000999998,
      -0.427500000005,
      0.07000000000500001,
      -0.45999999998999996,
      0.036250000005000005
    ],
    "TaskName": "dis",
    "qc_type": "func",
    "run_id": "01",
    "subject_id": "10",
    "task_id": "dis"
  },
  "size_t": 166,
  "size_x": 64,
  "size_y": 64,
  "size_z": 30,
  "snr": 4.8045515496644216,
  "spacing_tr": 1.0,
  "spacing_x": 3.125,
  "spacing_y": 3.125,
  "spacing_z": 4.000000476837158,
  "spikes_num": 0,
  "summary_bg_k": 16.056809111262158,
  "summary_bg_mean": 59.55539321899414,
  "summary_bg_p05": 16.39759063720703,
  "summary_bg_p95": 229.4325225830072,
  "summary_bg_stdv": 79.94005584716797,
  "summary_fg_k": 0.47561800434893575,
  "summary_fg_mean": 815.9898071289062,
  "summary_fg_p05": 500.67589416503904,
  "summary_fg_p95": 1083.7758422851562,
  "summary_fg_stdv": 172.82557678222656,
  "tsnr": 71.12123107910156
}