{
  "aor": 0.0019618072289156623,
  "aqi": 0.0074437215662650595,
  "dvars_nstd": 22.796774967939392,
  "dvars_std": 1.125779281818182,
  "dvars_vstd": 0.9856085384242423,
  "efc": 0.5644699903216133,
  "fber": 68.3524398803711,
  "fd_mean": 0.3820035160484848,
  "fd_num": 7,
  "fd_perc": 4.216867469879518,
  "fwhm_avg": 7.20532,
  "fwhm_x": 6.41514,
  "fwhm_y": 7.59233,
  "fwhm_z": 7.68031,
  "gcor": 0.2510526496243764,
  "gsr_x": -0.0018608546815812588,
  "gsr_y": 0.06225571781396866,
  "metadata": {
    "EchoTime": 0,
    "FlipAngle": 90,
    "MRAcquisitionType": "2D",
    "MagneticFieldStrength": 3,
    "Manufacturer": "SIEMENS",
    "ManufacturerModelName": "TrioTim",
    "RepetitionTime": 2,
    "ScanOptions": "FS",
    "ScanningSequence": "EP",
    "SequenceName": "epfid2d1_64",
    "SequenceVariant": "SK",
    "SliceTiming": [
      0.0025000000000000022,
      0.5,
      -0.030000000000000027,
      0.46625000001,
      -0.06374999998500008,
      0.43375000000999997,
      -0.09624999998999995,
      0.40000000001,
      -0.12999999999,
      0.36750000001,
      -0.16249999998999998,
      0.333750000005,
      -0.19624999999500004,
      0.301250000005,
      -0.228749999995,
      0.26749999999999996,
      -0.26249999999500007,
      0.235,
      -0.29500000000000004,
      0.20125000001499999,
      -0.3287499999850001,
      0.16875000001,
      -0.36124999998500007,
      0.13500000001,
      -0.39499999999,
      0.10250000000999998,
      -0.42749999999,
      0.06875000000499998,
      -0.46124999999500005,
      0.036250000005000005
    ],
    "TaskName": "dis",
    "qc_type": "func",
    "run_id": "02",
    "subject_id": "24",
    "task_id": "dis"
  },
  "size_t": 166,
  "size_x": 64,
  "size_y": 64,
  "size_z": 30,
  "snr": 4.794226825126672,
  "spacing_tr": 1.0,
  "spacing_x": 3.125,
  "spacing_y": 3.125,
  "spacing_z": 4.000001430511475,
  "spikes_num": 0,
  "summary_bg_k": 16.5824681506983,
  "summary_bg_mean": 55.4783935546875,
  "summary_bg_p05": 16.27108383178711,
  "summary_bg_p95": 226.09727859497067,
  "summary_bg_stdv": 76.99769592285156,
  "summary_fg_k": 0.844721647606097,
  "summary_fg_mean": 767.2327880859375,
  "summary_fg_p05": 460.8183532714844,
  "summary_fg_p95": 1015.9511779785156,
  "summary_fg_stdv": 164.2255401611328,
  "tsnr": 51.28942108154297
}