{
  "aor": 0.0030740361445783133,
  "aqi": 0.00396848969879518,
  "dvars_nstd": 22.438317171757557,
  "dvars_std": 1.210225566545454,
  "dvars_vstd": 1.0288901167272726,
  "efc": 0.5608602934378643,
  "fber": 67.66495513916016,
  "fd_mean": 0.2651914035139394,
  "fd_num": 5,
  "fd_perc": 3.0120481927710845,
  "fwhm_avg": 6.98702,
  "fwhm_x": 6.2698,
  "fwhm_y": 7.30452,
  "fwhm_z": 7.44785,
  "gcor": 0.034823104559657085,
  "gsr_x": -0.015237131156027317,
  "gsr_y": 0.04979540407657623,
  "metadata": {
    "EchoTime": 0,
    "FlipAngle": 90,
    "MRAcquisitionType": "2D",
    "MagneticFieldStrength": 3,
    "Manufacturer": "SIEMENS",
    "ManufacturerModelName": "TrioTim",
    "RepetitionTime": 2,
    "ScanOptions": "FS",
    "ScanningSequence": "EP",
    "SequenceName": "epfid2d1_64",
    "SequenceVariant": "SK",
    "SliceTiming": [
      0.0024999999900000014,
      0.5,
      -0.030000000014999917,
      0.46625,
      -0.06374999999999997,
      0.43374999999499997,
      -0.09624999999999995,
      0.399999999995,
      -0.1300000000049999,
      0.367499999995,
      -0.16250000000499998,
      0.33374999999,
      -0.19625000001000004,
      0.30124999999,
      -0.22875000001,
      0.26749999998499996,
      -0.26125000001,
      0.235,
      -0.29500000001499993,
      0.20124999999999998,
      -0.3275,
      0.168749999995,
      -0.36124999999999996,
      0.134999999995,
      -0.39375000000499993,
      0.10249999999499998,
      -0.427500000005,
      0.06874999998999998,
      -0.46000000000499996,
      0.036249999990000004
    ],
    "TaskName": "dis",
    "qc_type": "func",
    "run_id": "02",
    "subject_id": "10",
    "task_id": "dis"
  },
  "size_t": 166,
  "size_x": 64,
  "size_y": 64,
  "size_z": 30,
  "snr": 4.7460884818647635,
  "spacing_tr": 1.0,
  "spacing_x": 3.125,
  "spacing_y": 3.125,
  "spacing_z": 4.000000476837158,
  "spikes_num": 0,
  "summary_bg_k": 17.792326715285057,
  "summary_bg_mean": 60.33198547363281,
  "summary_bg_p05": 16.554216384887695,
  "summary_bg_p95": 235.4421600341795,
  "summary_bg_stdv": 82.20794677734375,
  "summary_fg_k": 0.6301957835098517,
  "summary_fg_mean": 820.2637329101562,
  "summary_fg_p05": 505.6415557861328,
  "summary_fg_p95": 1097.6143798828125,
  "summary_fg_stdv": 175.3684539794922,
  "tsnr": 77.4590072631836
}