{
  "aor": 0.0008334939759036144,
  "aqi": 0.004651045602409638,
  "dvars_nstd": 19.020293172000006,
  "dvars_std": 1.1532935083636358,
  "dvars_vstd": 1.0030323481212124,
  "efc": 0.5963905319009031,
  "fber": 55.223876953125,
  "fd_mean": 0.20324881554545454,
  "fd_num": 0,
  "fd_perc": 0.0,
  "fwhm_avg": 6.9441,
  "fwhm_x": 6.14569,
  "fwhm_y": 7.16733,
  "fwhm_z": 7.60187,
  "gcor": 0.021929802664791245,
  "gsr_x": -0.013967474922537804,
  "gsr_y": 0.06356289237737656,
  "metadata": {
    "EchoTime": 0,
    "FlipAngle": 90,
    "MRAcquisitionType": "2D",
    "MagneticFieldStrength": 3,
    "Manufacturer": "SIEMENS",
    "ManufacturerModelName": "TrioTim",
    "RepetitionTime": 2,
    "ScanOptions": "FS",
    "ScanningSequence": "EP",
    "SequenceName": "epfid2d1_64",
    "SequenceVariant": "SK",
    "SliceTiming": [
      0.0037500000050000315,
      0.5,
      -0.030000000000000027,
      0.4675,
      -0.0625,
      0.43374999999499997,
      -0.09624999999999995,
      0.401249999995,
      -0.12875000000499992,
      0.367499999995,
      -0.16250000000499998,
      0.33499999998999996,
      -0.19500000000499995,
      0.30124999999,
      -0.22875000001,
      0.26875000000500004,
      -0.26125000001,
      0.235,
      -0.29500000000000004,
      0.2025,
      -0.3275,
      0.168749999995,
      -0.36124999999999996,
      0.13624999999499998,
      -0.39375000000499993,
      0.10249999999499998,
      -0.427500000005,
      0.06999999999,
      -0.46000000000499996,
      0.036249999990000004
    ],
    "TaskName": "dis",
    "qc_type": "func",
    "run_id": "01",
    "subject_id": "20",
    "task_id": "dis"
  },
  "size_t": 166,
  "size_x": 64,
  "size_y": 64,
  "size_z": 30,
  "snr": 4.908861226697807,
  "spacing_tr": 1.0,
  "spacing_x": 3.125,
  "spacing_y": 3.125,
  "spacing_z": 3.9999990463256836,
  "spikes_num": 0,
  "summary_bg_k": 18.782383197226977,
  "summary_bg_mean": 58.487525939941406,
  "summary_bg_p05": 16.746986389160156,
  "summary_bg_p95": 221.60993576049805,
  "summary_bg_stdv": 78.85965728759766,
  "summary_fg_k": 1.017572683356514,
  "summary_fg_mean": 714.4607543945312,
  "summary_fg_p05": 449.3310180664063,
  "summary_fg_p95": 947.1306732177734,
  "summary_fg_stdv": 147.93228149414062,
  "tsnr": 77.19332122802734
}