{
  "aor": 0.002778975903614458,
  "aqi": 0.005070396746987952,
  "dvars_nstd": 21.96052013157575,
  "dvars_std": 1.1614295967878796,
  "dvars_vstd": 1.0185268691515157,
  "efc": 0.5538614466942325,
  "fber": 50.254512786865234,
  "fd_mean": 0.31244638836969696,
  "fd_num": 5,
  "fd_perc": 3.0120481927710845,
  "fwhm_avg": 6.97856,
  "fwhm_x": 6.15807,
  "fwhm_y": 7.28653,
  "fwhm_z": 7.57411,
  "gcor": 0.04327807943504977,
  "gsr_x": 0.006295889616012573,
  "gsr_y": 0.04452726989984512,
  "metadata": {
    "EchoTime": 0,
    "FlipAngle": 90,
    "MRAcquisitionType": "2D",
    "MagneticFieldStrength": 3,
    "Manufacturer": "SIEMENS",
    "ManufacturerModelName": "TrioTim",
    "RepetitionTime": 2,
    "ScanOptions": "FS",
    "ScanningSequence": "EP",
    "SequenceName": "epfid2d1_64",
    "SequenceVariant": "SK",
    "SliceTiming": [
      0.0037500000050000315,
      0.5,
      -0.030000000000000027,
      0.4675,
      -0.0625,
      0.43374999999499997,
      -0.09624999999999995,
      0.401249999995,
      -0.12875000000499992,
      0.367499999995,
      -0.16250000000499998,
      0.33499999998999996,
      -0.19500000000499995,
      0.301250000005,
      -0.228749999995,
      0.26875000000500004,
      -0.2612499999950001,
      0.235,
      -0.29500000000000004,
      0.2025,
      -0.3275,
      0.168749999995,
      -0.36124999999999996,
      0.13624999999499998,
      -0.39375000000499993,
      0.10249999999499998,
      -0.427500000005,
      0.06999999999,
      -0.46000000000499996,
      0.036250000005000005
    ],
    "TaskName": "dis",
    "qc_type": "func",
    "run_id": "06",
    "subject_id": "28",
    "task_id": "dis"
  },
  "size_t": 166,
  "size_x": 64,
  "size_y": 64,
  "size_z": 30,
  "snr": 5.0444058304909465,
  "spacing_tr": 1.0,
  "spacing_x": 3.125,
  "spacing_y": 3.125,
  "spacing_z": 4.000001430511475,
  "spikes_num": 0,
  "summary_bg_k": 15.059536361661895,
  "summary_bg_mean": 60.63264083862305,
  "summary_bg_p05": 16.307228088378906,
  "summary_bg_p95": 251.12468566894495,
  "summary_bg_stdv": 89.033203125,
  "summary_fg_k": 0.7277827287767851,
  "summary_fg_mean": 748.2556762695312,
  "summary_fg_p05": 461.072265625,
  "summary_fg_p95": 978.5300903320312,
  "summary_fg_stdv": 152.40713500976562,
  "tsnr": 67.77330780029297
}