{
  "aor": 0.000631566265060241,
  "aqi": 0.002946302108433735,
  "dvars_nstd": 19.402821789151506,
  "dvars_std": 1.1261085470909096,
  "dvars_vstd": 1.002418705878788,
  "efc": 0.5817131304341303,
  "fber": 47.13607406616211,
  "fd_mean": 0.23100037578606056,
  "fd_num": 0,
  "fd_perc": 0.0,
  "fwhm_avg": 7.34908,
  "fwhm_x": 6.48518,
  "fwhm_y": 7.72281,
  "fwhm_z": 7.92503,
  "gcor": 0.0539196255695389,
  "gsr_x": 0.013848626986145973,
  "gsr_y": 0.03246935456991196,
  "metadata": {
    "EchoTime": 0,
    "FlipAngle": 90,
    "MRAcquisitionType": "2D",
    "MagneticFieldStrength": 3,
    "Manufacturer": "SIEMENS",
    "ManufacturerModelName": "TrioTim",
    "RepetitionTime": 2,
    "ScanOptions": "FS",
    "ScanningSequence": "EP",
    "SequenceName": "epfid2d1_64",
    "SequenceVariant": "SK",
    "SliceTiming": [
      0.0025000000000000022,
      0.5,
      -0.030000000000000027,
      0.46625,
      -0.06374999999999997,
      0.43374999999499997,
      -0.09624999999999995,
      0.399999999995,
      -0.1300000000049999,
      0.367499999995,
      -0.16250000000499998,
      0.333750000005,
      -0.19625000001000004,
      0.301250000005,
      -0.228749999995,
      0.26749999999999996,
      -0.26249999999500007,
      0.235,
      -0.29500000000000004,
      0.20124999999999998,
      -0.32875,
      0.168749999995,
      -0.36124999999999996,
      0.134999999995,
      -0.3950000000049999,
      0.10249999999499998,
      -0.427500000005,
      0.06875000000499998,
      -0.46125000001000005,
      0.036250000005000005
    ],
    "TaskName": "dis",
    "qc_type": "func",
    "run_id": "01",
    "subject_id": "42",
    "task_id": "dis"
  },
  "size_t": 166,
  "size_x": 64,
  "size_y": 64,
  "size_z": 30,
  "snr": 4.60871295992516,
  "spacing_tr": 1.0,
  "spacing_x": 3.125,
  "spacing_y": 3.125,
  "spacing_z": 4.000000476837158,
  "spikes_num": 0,
  "summary_bg_k": 25.279792918284482,
  "summary_bg_mean": 69.54476928710938,
  "summary_bg_p05": 17.3614444732666,
  "summary_bg_p95": 278.3650451660153,
  "summary_bg_stdv": 104.6855697631836,
  "summary_fg_k": 0.7298065348591902,
  "summary_fg_mean": 842.7925415039062,
  "summary_fg_p05": 516.0355102539063,
  "summary_fg_p95": 1151.1644042968749,
  "summary_fg_stdv": 185.04258728027344,
  "tsnr": 84.87983703613281
}