{
  "aor": 0.00885433734939759,
  "aqi": 0.010623178855421687,
  "dvars_nstd": 37.227419639393936,
  "dvars_std": 1.2788573007878787,
  "dvars_vstd": 1.0776453429696966,
  "efc": 0.5853663899609658,
  "fber": 70.13805389404297,
  "fd_mean": 0.6258625738303031,
  "fd_num": 27,
  "fd_perc": 16.265060240963855,
  "fwhm_avg": 6.50238,
  "fwhm_x": 5.73141,
  "fwhm_y": 6.92403,
  "fwhm_z": 6.92781,
  "gcor": 0.10345134964908462,
  "gsr_x": -0.017779720947146416,
  "gsr_y": 0.06571143120527267,
  "metadata": {
    "EchoTime": 0,
    "FlipAngle": 90,
    "MRAcquisitionType": "2D",
    "MagneticFieldStrength": 3,
    "Manufacturer": "SIEMENS",
    "ManufacturerModelName": "TrioTim",
    "RepetitionTime": 2,
    "ScanOptions": "FS",
    "ScanningSequence": "EP",
    "SequenceName": "epfid2d1_64",
    "SequenceVariant": "SK",
    "SliceTiming": [
      0.0025000000000000022,
      0.5,
      -0.030000000000000027,
      0.46625,
      -0.06374999999999997,
      0.43374999999499997,
      -0.09624999999999995,
      0.399999999995,
      -0.1300000000049999,
      0.367499999995,
      -0.16250000000499998,
      0.33374999999,
      -0.19625000001000004,
      0.30124999999,
      -0.22875000001,
      0.26749999999999996,
      -0.26249999999500007,
      0.235,
      -0.29500000000000004,
      0.20124999999999998,
      -0.32875,
      0.168749999995,
      -0.36124999999999996,
      0.134999999995,
      -0.39375000000499993,
      0.10249999999499998,
      -0.427500000005,
      0.06874999998999998,
      -0.46000000000499996,
      0.036249999990000004
    ],
    "TaskName": "dis",
    "qc_type": "func",
    "run_id": "01",
    "subject_id": "32",
    "task_id": "dis"
  },
  "size_t": 166,
  "size_x": 64,
  "size_y": 64,
  "size_z": 30,
  "snr": 5.2733761389065625,
  "spacing_tr": 1.0,
  "spacing_x": 3.125,
  "spacing_y": 3.125,
  "spacing_z": 4.0,
  "spikes_num": 0,
  "summary_bg_k": 21.096483739368526,
  "summary_bg_mean": 58.155914306640625,
  "summary_bg_p05": 17.77710723876953,
  "summary_bg_p95": 220.7072174072245,
  "summary_bg_stdv": 79.64576721191406,
  "summary_fg_k": 1.297379434816052,
  "summary_fg_mean": 811.0716552734375,
  "summary_fg_p05": 534.9397583007812,
  "summary_fg_p95": 1063.7108154296875,
  "summary_fg_stdv": 155.8668975830078,
  "tsnr": 53.3177604675293
}