{
  "aor": 0.0008587951807228915,
  "aqi": 0.007023108433734939,
  "dvars_nstd": 38.498514799272705,
  "dvars_std": 1.2668325079393936,
  "dvars_vstd": 0.985608887939394,
  "efc": 0.5898668923798084,
  "fber": 70.70487213134766,
  "fd_mean": 0.4693158761333333,
  "fd_num": 7,
  "fd_perc": 4.216867469879518,
  "fwhm_avg": 7.13584,
  "fwhm_x": 6.15966,
  "fwhm_y": 7.59935,
  "fwhm_z": 7.76252,
  "gcor": 0.0331589830927102,
  "gsr_x": -0.015803147107362747,
  "gsr_y": 0.06452836096286774,
  "metadata": {
    "EchoTime": 0,
    "FlipAngle": 90,
    "MRAcquisitionType": "2D",
    "MagneticFieldStrength": 3,
    "Manufacturer": "SIEMENS",
    "ManufacturerModelName": "TrioTim",
    "RepetitionTime": 2,
    "ScanOptions": "FS",
    "ScanningSequence": "EP",
    "SequenceName": "epfid2d1_64",
    "SequenceVariant": "SK",
    "SliceTiming": [
      0.0037500000050000315,
      0.5,
      -0.030000000000000027,
      0.46625,
      -0.0625,
      0.43374999999499997,
      -0.09624999999999995,
      0.40125000001,
      -0.12875000000499992,
      0.36750000001,
      -0.16249999998999998,
      0.33500000000499996,
      -0.19499999998999995,
      0.301250000005,
      -0.228749999995,
      0.26875000000500004,
      -0.2612499999950001,
      0.235,
      -0.29500000000000004,
      0.2025,
      -0.3275,
      0.168749999995,
      -0.36124999999999996,
      0.13625000000999998,
      -0.39375000000499993,
      0.10250000000999998,
      -0.42749999999,
      0.07000000000500001,
      -0.45999999998999996,
      0.036250000005000005
    ],
    "TaskName": "dis",
    "qc_type": "func",
    "run_id": "05",
    "subject_id": "39",
    "task_id": "dis"
  },
  "size_t": 166,
  "size_x": 64,
  "size_y": 64,
  "size_z": 30,
  "snr": 4.772654290829026,
  "spacing_tr": 1.0,
  "spacing_x": 3.125,
  "spacing_y": 3.125,
  "spacing_z": 3.999999761581421,
  "spikes_num": 0,
  "summary_bg_k": 13.894625748611308,
  "summary_bg_mean": 65.22600555419922,
  "summary_bg_p05": 18.41566276550293,
  "summary_bg_p95": 246.7819213867187,
  "summary_bg_stdv": 86.00428771972656,
  "summary_fg_k": 1.250530492843727,
  "summary_fg_mean": 888.1630249023438,
  "summary_fg_p05": 572.0132446289062,
  "summary_fg_p95": 1204.7999755859373,
  "summary_fg_stdv": 186.97850036621094,
  "tsnr": 70.77242279052734
}