{
  "aor": 0.0077234939759036145,
  "aqi": 0.005551655963855422,
  "dvars_nstd": 19.890736764909093,
  "dvars_std": 1.2019319204242425,
  "dvars_vstd": 1.058396143333333,
  "efc": 0.6059868532403584,
  "fber": 45.01687240600586,
  "fd_mean": 0.19460355598399998,
  "fd_num": 3,
  "fd_perc": 1.8072289156626506,
  "fwhm_avg": 6.58815,
  "fwhm_x": 5.75727,
  "fwhm_y": 6.90724,
  "fwhm_z": 7.19067,
  "gcor": 0.054748041084013786,
  "gsr_x": -0.010333554819226265,
  "gsr_y": 0.0817493125796318,
  "metadata": {
    "EchoTime": 0,
    "FlipAngle": 90,
    "MRAcquisitionType": "2D",
    "MagneticFieldStrength": 3,
    "Manufacturer": "SIEMENS",
    "ManufacturerModelName": "TrioTim",
    "RepetitionTime": 2,
    "ScanOptions": "FS",
    "ScanningSequence": "EP",
    "SequenceName": "epfid2d1_64",
    "SequenceVariant": "SK",
    "SliceTiming": [
      0.0037500000050000315,
      0.5,
      -0.030000000000000027,
      0.4675,
      -0.0625,
      0.43374999999499997,
      -0.09624999999999995,
      0.401249999995,
      -0.12875000000499992,
      0.367499999995,
      -0.16250000000499998,
      0.33499999998999996,
      -0.19500000000499995,
      0.301250000005,
      -0.22875000001,
      0.26875000000500004,
      -0.2612499999950001,
      0.235,
      -0.29500000000000004,
      0.2025,
      -0.3275,
      0.168749999995,
      -0.36124999999999996,
      0.13624999999499998,
      -0.39375000000499993,
      0.10249999999499998,
      -0.427500000005,
      0.06999999999,
      -0.46000000000499996,
      0.036250000005000005
    ],
    "TaskName": "dis",
    "qc_type": "func",
    "run_id": "02",
    "subject_id": "30",
    "task_id": "dis"
  },
  "size_t": 166,
  "size_x": 64,
  "size_y": 64,
  "size_z": 30,
  "snr": 5.17005629432349,
  "spacing_tr": 1.0,
  "spacing_x": 3.125,
  "spacing_y": 3.125,
  "spacing_z": 4.000000476837158,
  "spikes_num": 0,
  "summary_bg_k": 17.876570277994148,
  "summary_bg_mean": 69.31941986083984,
  "summary_bg_p05": 17.246986389160156,
  "summary_bg_p95": 289.5704620361327,
  "summary_bg_stdv": 103.81014251708984,
  "summary_fg_k": 0.8189329226686906,
  "summary_fg_mean": 821.8994750976562,
  "summary_fg_p05": 525.0737609863281,
  "summary_fg_p95": 1072.9909057617188,
  "summary_fg_stdv": 161.00265502929688,
  "tsnr": 71.51124572753906
}