{
  "aor": 0.0026780120481927705,
  "aqi": 0.006126590662650602,
  "dvars_nstd": 22.148482889272728,
  "dvars_std": 1.1755090462424242,
  "dvars_vstd": 1.0126784330909082,
  "efc": 0.5976942019401194,
  "fber": 54.121612548828125,
  "fd_mean": 0.3354635337333334,
  "fd_num": 5,
  "fd_perc": 3.0120481927710845,
  "fwhm_avg": 7.02479,
  "fwhm_x": 6.2135,
  "fwhm_y": 7.29943,
  "fwhm_z": 7.64321,
  "gcor": 0.0394578094942024,
  "gsr_x": -0.01219235546886921,
  "gsr_y": 0.0660356879234314,
  "metadata": {
    "EchoTime": 0,
    "FlipAngle": 90,
    "MRAcquisitionType": "2D",
    "MagneticFieldStrength": 3,
    "Manufacturer": "SIEMENS",
    "ManufacturerModelName": "TrioTim",
    "RepetitionTime": 2,
    "ScanOptions": "FS",
    "ScanningSequence": "EP",
    "SequenceName": "epfid2d1_64",
    "SequenceVariant": "SK",
    "SliceTiming": [
      0.0037500000050000315,
      0.5,
      -0.030000000000000027,
      0.4675,
      -0.0625,
      0.43374999999499997,
      -0.09624999999999995,
      0.401249999995,
      -0.12875000000499992,
      0.367499999995,
      -0.16250000000499998,
      0.33499999998999996,
      -0.19500000000499995,
      0.301250000005,
      -0.228749999995,
      0.26875000000500004,
      -0.2612499999950001,
      0.235,
      -0.29500000000000004,
      0.2025,
      -0.3275,
      0.168749999995,
      -0.36124999999999996,
      0.13624999999499998,
      -0.39375000000499993,
      0.10249999999499998,
      -0.427500000005,
      0.06999999999,
      -0.46000000000499996,
      0.036250000005000005
    ],
    "TaskName": "dis",
    "qc_type": "func",
    "run_id": "06",
    "subject_id": "20",
    "task_id": "dis"
  },
  "size_t": 166,
  "size_x": 64,
  "size_y": 64,
  "size_z": 30,
  "snr": 4.978925707394611,
  "spacing_tr": 1.0,
  "spacing_x": 3.125,
  "spacing_y": 3.125,
  "spacing_z": 3.9999990463256836,
  "spikes_num": 0,
  "summary_bg_k": 19.089974649534007,
  "summary_bg_mean": 59.654518127441406,
  "summary_bg_p05": 16.77710723876953,
  "summary_bg_p95": 221.99577255249034,
  "summary_bg_stdv": 79.26686096191406,
  "summary_fg_k": 1.0671996323457256,
  "summary_fg_mean": 715.1412353515625,
  "summary_fg_p05": 457.622265625,
  "summary_fg_p95": 944.7899993896476,
  "summary_fg_stdv": 145.71337890625,
  "tsnr": 67.85049438476562
}