{
  "aor": 0.00263710843373494,
  "aqi": 0.004242210421686747,
  "dvars_nstd": 21.866826271575768,
  "dvars_std": 1.1818322125454548,
  "dvars_vstd": 1.0167229972727279,
  "efc": 0.5476023922850357,
  "fber": 75.96282196044922,
  "fd_mean": 0.3305460992969697,
  "fd_num": 4,
  "fd_perc": 2.4096385542168677,
  "fwhm_avg": 6.78885,
  "fwhm_x": 6.06201,
  "fwhm_y": 7.10527,
  "fwhm_z": 7.26425,
  "gcor": 0.020693794790520727,
  "gsr_x": -0.014667022041976452,
  "gsr_y": 0.050064023584127426,
  "metadata": {
    "EchoTime": 0,
    "FlipAngle": 90,
    "MRAcquisitionType": "2D",
    "MagneticFieldStrength": 3,
    "Manufacturer": "SIEMENS",
    "ManufacturerModelName": "TrioTim",
    "RepetitionTime": 2,
    "ScanOptions": "FS",
    "ScanningSequence": "EP",
    "SequenceName": "epfid2d1_64",
    "SequenceVariant": "SK",
    "SliceTiming": [
      0.0037500000050000315,
      0.5,
      -0.030000000000000027,
      0.4675,
      -0.0625,
      0.43375000000999997,
      -0.09624999999999995,
      0.40125000001,
      -0.12874999999000003,
      0.36750000001,
      -0.16249999998999998,
      0.33500000000499996,
      -0.19499999998999995,
      0.301250000005,
      -0.228749999995,
      0.26875000000500004,
      -0.2612499999950001,
      0.235,
      -0.29500000000000004,
      0.2025,
      -0.3275,
      0.16875000001,
      -0.36124999999999996,
      0.13625000000999998,
      -0.39374999999000004,
      0.10250000000999998,
      -0.42749999999,
      0.07000000000500001,
      -0.45999999998999996,
      0.036250000005000005
    ],
    "TaskName": "dis",
    "qc_type": "func",
    "run_id": "06",
    "subject_id": "34",
    "task_id": "dis"
  },
  "size_t": 166,
  "size_x": 64,
  "size_y": 64,
  "size_z": 30,
  "snr": 4.948082042022621,
  "spacing_tr": 1.0,
  "spacing_x": 3.125,
  "spacing_y": 3.125,
  "spacing_z": 3.9999990463256836,
  "spikes_num": 0,
  "summary_bg_k": 23.651557474119308,
  "summary_bg_mean": 50.976619720458984,
  "summary_bg_p05": 16.54216766357422,
  "summary_bg_p95": 196.32830810546875,
  "summary_bg_stdv": 74.56671905517578,
  "summary_fg_k": 1.110305935910703,
  "summary_fg_mean": 771.3064575195312,
  "summary_fg_p05": 485.077099609375,
  "summary_fg_p95": 1021.4108154296875,
  "summary_fg_stdv": 157.64784240722656,
  "tsnr": 80.45706939697266
}