{
  "aor": 0.0458787951807229,
  "aqi": 0.017136294216867465,
  "dvars_nstd": 53.07229444315152,
  "dvars_std": 1.572359947939394,
  "dvars_vstd": 1.4006651649090915,
  "efc": 0.588387961447738,
  "fber": 59.16322708129883,
  "fd_mean": 1.2948166861757573,
  "fd_num": 45,
  "fd_perc": 27.10843373493976,
  "fwhm_avg": 8.44733,
  "fwhm_x": 7.30821,
  "fwhm_y": 9.36409,
  "fwhm_z": 8.80807,
  "gcor": 0.5538148535303322,
  "gsr_x": -0.015827881172299385,
  "gsr_y": 0.06313998997211456,
  "metadata": {
    "EchoTime": 0,
    "FlipAngle": 90,
    "MRAcquisitionType": "2D",
    "MagneticFieldStrength": 3,
    "Manufacturer": "SIEMENS",
    "ManufacturerModelName": "TrioTim",
    "RepetitionTime": 2,
    "ScanOptions": "FS",
    "ScanningSequence": "EP",
    "SequenceName": "epfid2d1_64",
    "SequenceVariant": "SK",
    "SliceTiming": [
      0.0037500000050000315,
      0.5,
      -0.030000000000000027,
      0.4675,
      -0.0625,
      0.43374999999499997,
      -0.09624999999999995,
      0.401249999995,
      -0.12875000000499992,
      0.367499999995,
      -0.16250000000499998,
      0.33499999998999996,
      -0.19500000000499995,
      0.30124999999,
      -0.22875000001,
      0.26875000000500004,
      -0.26125000001,
      0.235,
      -0.29500000000000004,
      0.2025,
      -0.3275,
      0.168749999995,
      -0.36124999999999996,
      0.13624999999499998,
      -0.39375000000499993,
      0.10249999999499998,
      -0.427500000005,
      0.06999999999,
      -0.46000000000499996,
      0.036249999990000004
    ],
    "TaskName": "dis",
    "qc_type": "func",
    "run_id": "06",
    "subject_id": "31",
    "task_id": "dis"
  },
  "size_t": 166,
  "size_x": 64,
  "size_y": 64,
  "size_z": 30,
  "snr": 4.993450567749886,
  "spacing_tr": 1.0,
  "spacing_x": 3.125,
  "spacing_y": 3.125,
  "spacing_z": 4.000000953674316,
  "spikes_num": 0,
  "summary_bg_k": 17.939875502422613,
  "summary_bg_mean": 68.56298065185547,
  "summary_bg_p05": 18.740962982177734,
  "summary_bg_p95": 246.7840309143066,
  "summary_bg_stdv": 86.27308654785156,
  "summary_fg_k": 0.34632865341279384,
  "summary_fg_mean": 830.1168823242188,
  "summary_fg_p05": 504.434619140625,
  "summary_fg_p95": 1088.0620666503903,
  "summary_fg_stdv": 171.4055633544922,
  "tsnr": 32.97610855102539
}