{
  "aor": 0.0008839156626506022,
  "aqi": 0.0034617823493975908,
  "dvars_nstd": 20.11282496575759,
  "dvars_std": 1.1315572276969694,
  "dvars_vstd": 1.0002370622424244,
  "efc": 0.6038270257164161,
  "fber": 38.03993606567383,
  "fd_mean": 0.18095196445454545,
  "fd_num": 0,
  "fd_perc": 0.0,
  "fwhm_avg": 7.16644,
  "fwhm_x": 6.41069,
  "fwhm_y": 7.62397,
  "fwhm_z": 7.53052,
  "gcor": 0.022134348570582378,
  "gsr_x": 0.006304629147052765,
  "gsr_y": 0.0503801628947258,
  "metadata": {
    "EchoTime": 0,
    "FlipAngle": 90,
    "MRAcquisitionType": "2D",
    "MagneticFieldStrength": 3,
    "Manufacturer": "SIEMENS",
    "ManufacturerModelName": "TrioTim",
    "RepetitionTime": 2,
    "ScanOptions": "FS",
    "ScanningSequence": "EP",
    "SequenceName": "epfid2d1_64",
    "SequenceVariant": "SK",
    "SliceTiming": [
      0.0037500000050000315,
      0.5,
      -0.030000000000000027,
      0.4675,
      -0.0625,
      0.43374999999499997,
      -0.09624999999999995,
      0.40125000001,
      -0.12875000000499992,
      0.36750000001,
      -0.16249999998999998,
      0.33500000000499996,
      -0.19499999998999995,
      0.301250000005,
      -0.228749999995,
      0.26875000000500004,
      -0.2612499999950001,
      0.235,
      -0.29500000000000004,
      0.2025,
      -0.3275,
      0.168749999995,
      -0.36124999999999996,
      0.13625000000999998,
      -0.39375000000499993,
      0.10250000000999998,
      -0.42624999999,
      0.07000000000500001,
      -0.45999999998999996,
      0.036250000005000005
    ],
    "TaskName": "dis",
    "qc_type": "func",
    "run_id": "05",
    "subject_id": "45",
    "task_id": "dis"
  },
  "size_t": 166,
  "size_x": 64,
  "size_y": 64,
  "size_z": 30,
  "snr": 4.497349861826067,
  "spacing_tr": 1.0,
  "spacing_x": 3.125,
  "spacing_y": 3.125,
  "spacing_z": 4.000000476837158,
  "spikes_num": 0,
  "summary_bg_k": 13.904664986918334,
  "summary_bg_mean": 85.2489013671875,
  "summary_bg_p05": 18.548192977905273,
  "summary_bg_p95": 341.78311920166016,
  "summary_bg_stdv": 117.77398681640625,
  "summary_fg_k": 0.6016958181426717,
  "summary_fg_mean": 874.8342895507812,
  "summary_fg_p05": 531.6686401367188,
  "summary_fg_p95": 1190.9454467773437,
  "summary_fg_stdv": 196.86634826660156,
  "tsnr": 77.56792449951172
}