{
  "aor": 0.00703355421686747,
  "aqi": 0.005785193975903615,
  "dvars_nstd": 22.43111353193938,
  "dvars_std": 1.1745395255757576,
  "dvars_vstd": 1.0354974983030303,
  "efc": 0.6051223754690948,
  "fber": 49.06481170654297,
  "fd_mean": 0.31687469550303027,
  "fd_num": 7,
  "fd_perc": 4.216867469879518,
  "fwhm_avg": 6.66983,
  "fwhm_x": 5.80536,
  "fwhm_y": 7.00484,
  "fwhm_z": 7.29653,
  "gcor": 0.14340363927634367,
  "gsr_x": -0.0024893227964639664,
  "gsr_y": 0.06650406122207642,
  "metadata": {
    "EchoTime": 0,
    "FlipAngle": 90,
    "MRAcquisitionType": "2D",
    "MagneticFieldStrength": 3,
    "Manufacturer": "SIEMENS",
    "ManufacturerModelName": "TrioTim",
    "RepetitionTime": 2,
    "ScanOptions": "FS",
    "ScanningSequence": "EP",
    "SequenceName": "epfid2d1_64",
    "SequenceVariant": "SK",
    "SliceTiming": [
      0.0025000000000000022,
      0.5,
      -0.030000000000000027,
      0.466250000005,
      -0.06374999999999997,
      0.43375000000499997,
      -0.09624999999500006,
      0.4,
      -0.129999999995,
      0.3675,
      -0.16249999999999998,
      0.33375,
      -0.19625000000000004,
      0.301250000005,
      -0.22875,
      0.26749999999999996,
      -0.26249999999500007,
      0.235,
      -0.29500000000000004,
      0.20124999999999998,
      -0.32875,
      0.168750000005,
      -0.36124999999999996,
      0.135,
      -0.394999999995,
      0.10249999999999998,
      -0.4275,
      0.06874999999999998,
      -0.46125000000000005,
      0.036250000005000005
    ],
    "TaskName": "dis",
    "qc_type": "func",
    "run_id": "04",
    "subject_id": "41",
    "task_id": "dis"
  },
  "size_t": 166,
  "size_x": 64,
  "size_y": 64,
  "size_z": 30,
  "snr": 5.066243235946547,
  "spacing_tr": 1.0,
  "spacing_x": 3.125,
  "spacing_y": 3.125,
  "spacing_z": 3.999999523162842,
  "spikes_num": 0,
  "summary_bg_k": 13.997201213625587,
  "summary_bg_mean": 71.74134063720703,
  "summary_bg_p05": 17.825300216674805,
  "summary_bg_p95": 276.7948654174805,
  "summary_bg_stdv": 95.46802520751953,
  "summary_fg_k": 0.7644809805819337,
  "summary_fg_mean": 820.3464965820312,
  "summary_fg_p05": 531.5794921875,
  "summary_fg_p95": 1083.9927734375,
  "summary_fg_stdv": 163.53286743164062,
  "tsnr": 64.44270324707031
}