{
  "aor": 0.0019478915662650604,
  "aqi": 0.005557740903614458,
  "dvars_nstd": 37.11642624818182,
  "dvars_std": 1.258951856181819,
  "dvars_vstd": 0.997385713999999,
  "efc": 0.5994870453971324,
  "fber": 78.69467163085938,
  "fd_mean": 0.5828351298363637,
  "fd_num": 14,
  "fd_perc": 8.433734939759036,
  "fwhm_avg": 7.47855,
  "fwhm_x": 6.34566,
  "fwhm_y": 8.14865,
  "fwhm_z": 8.08892,
  "gcor": 0.026715494063963372,
  "gsr_x": -0.00837352778762579,
  "gsr_y": 0.06716232001781464,
  "metadata": {
    "EchoTime": 0,
    "FlipAngle": 90,
    "MRAcquisitionType": "2D",
    "MagneticFieldStrength": 3,
    "Manufacturer": "SIEMENS",
    "ManufacturerModelName": "TrioTim",
    "RepetitionTime": 2,
    "ScanOptions": "FS",
    "ScanningSequence": "EP",
    "SequenceName": "epfid2d1_64",
    "SequenceVariant": "SK",
    "SliceTiming": [
      0.0037500000050000315,
      0.5,
      -0.028750000000000053,
      0.4675,
      -0.0625,
      0.43374999999499997,
      -0.09499999999999997,
      0.401249999995,
      -0.12875000000499992,
      0.367499999995,
      -0.1612500000049999,
      0.33500000000499996,
      -0.19500000000499995,
      0.301250000005,
      -0.22749999999500004,
      0.26875000000500004,
      -0.2612499999950001,
      0.235,
      -0.29374999999500007,
      0.2025,
      -0.3275,
      0.168749999995,
      -0.36,
      0.13624999999499998,
      -0.39375000000499993,
      0.10249999999499998,
      -0.4262500000049999,
      0.06999999999,
      -0.46000000000499996,
      0.036250000005000005
    ],
    "TaskName": "dis",
    "qc_type": "func",
    "run_id": "04",
    "subject_id": "19",
    "task_id": "dis"
  },
  "size_t": 166,
  "size_x": 64,
  "size_y": 64,
  "size_z": 30,
  "snr": 4.977366764882816,
  "spacing_tr": 1.0,
  "spacing_x": 3.125,
  "spacing_y": 3.125,
  "spacing_z": 3.9999990463256836,
  "spikes_num": 0,
  "summary_bg_k": 19.436002951733226,
  "summary_bg_mean": 64.75275421142578,
  "summary_bg_p05": 18.8795166015625,
  "summary_bg_p95": 236.5695671081545,
  "summary_bg_stdv": 83.9906005859375,
  "summary_fg_k": 0.5969843306939424,
  "summary_fg_mean": 921.9520263671875,
  "summary_fg_p05": 587.7340209960938,
  "summary_fg_p95": 1215.9855468749995,
  "summary_fg_stdv": 187.3772430419922,
  "tsnr": 70.21885681152344
}