{
  "aor": 0.04834445783132531,
  "aqi": 0.015891640843373495,
  "dvars_nstd": 37.06935475096968,
  "dvars_std": 1.6065278998181807,
  "dvars_vstd": 1.4633056655151517,
  "efc": 0.5959721997799128,
  "fber": 60.907310485839844,
  "fd_mean": 0.9290815162545455,
  "fd_num": 33,
  "fd_perc": 19.879518072289155,
  "fwhm_avg": 7.7751,
  "fwhm_x": 6.77362,
  "fwhm_y": 8.33783,
  "fwhm_z": 8.3223,
  "gcor": 0.8504632237445877,
  "gsr_x": -0.013910018838942051,
  "gsr_y": 0.06017213687300682,
  "metadata": {
    "EchoTime": 0,
    "FlipAngle": 90,
    "MRAcquisitionType": "2D",
    "MagneticFieldStrength": 3,
    "Manufacturer": "SIEMENS",
    "ManufacturerModelName": "TrioTim",
    "RepetitionTime": 2,
    "ScanOptions": "FS",
    "ScanningSequence": "EP",
    "SequenceName": "epfid2d1_64",
    "SequenceVariant": "SK",
    "SliceTiming": [
      0.0037500000050000315,
      0.5,
      -0.028750000000000053,
      0.4675,
      -0.0625,
      0.43374999999499997,
      -0.09499999999999997,
      0.40125000001,
      -0.12875000000499992,
      0.36750000001,
      -0.16124999999,
      0.33500000000499996,
      -0.19499999998999995,
      0.301250000005,
      -0.22749999999500004,
      0.26875000000500004,
      -0.2612499999950001,
      0.235,
      -0.29374999999500007,
      0.2025,
      -0.3275,
      0.16999999999999998,
      -0.36,
      0.13625000000999998,
      -0.39375000000499993,
      0.10375000001000001,
      -0.42624999999,
      0.07000000000500001,
      -0.45999999998999996,
      0.03750000000499998
    ],
    "TaskName": "dis",
    "qc_type": "func",
    "run_id": "02",
    "subject_id": "12",
    "task_id": "dis"
  },
  "size_t": 166,
  "size_x": 64,
  "size_y": 64,
  "size_z": 30,
  "snr": 5.387355882398611,
  "spacing_tr": 1.0,
  "spacing_x": 3.125,
  "spacing_y": 3.125,
  "spacing_z": 3.999999761581421,
  "spikes_num": 2,
  "summary_bg_k": 12.838864306500177,
  "summary_bg_mean": 59.56076431274414,
  "summary_bg_p05": 16.048192977905273,
  "summary_bg_p95": 231.7445678710938,
  "summary_bg_stdv": 78.60504913330078,
  "summary_fg_k": 0.6715840873851278,
  "summary_fg_mean": 756.0618896484375,
  "summary_fg_p05": 475.2228637695313,
  "summary_fg_p95": 971.2541992187495,
  "summary_fg_stdv": 144.1158905029297,
  "tsnr": 38.52006149291992
}