{
  "aor": 0.000821867469879518,
  "aqi": 0.0039448692168674694,
  "dvars_nstd": 20.68828240042424,
  "dvars_std": 1.1764167998181823,
  "dvars_vstd": 1.0051425193333337,
  "efc": 0.5770995315489935,
  "fber": 52.61191177368164,
  "fd_mean": 0.21285567242666664,
  "fd_num": 0,
  "fd_perc": 0.0,
  "fwhm_avg": 7.01209,
  "fwhm_x": 6.18164,
  "fwhm_y": 7.46414,
  "fwhm_z": 7.47236,
  "gcor": 0.03209912058818771,
  "gsr_x": 0.0008504510624334216,
  "gsr_y": 0.05460688844323158,
  "metadata": {
    "EchoTime": 0,
    "FlipAngle": 90,
    "MRAcquisitionType": "2D",
    "MagneticFieldStrength": 3,
    "Manufacturer": "SIEMENS",
    "ManufacturerModelName": "TrioTim",
    "RepetitionTime": 2,
    "ScanOptions": "FS",
    "ScanningSequence": "EP",
    "SequenceName": "epfid2d1_64",
    "SequenceVariant": "SK",
    "SliceTiming": [
      0.0037500000050000315,
      0.5,
      -0.030000000000000027,
      0.46625000001,
      -0.0625,
      0.43375000000999997,
      -0.09624999998999995,
      0.40125000001,
      -0.12874999999000003,
      0.36750000001,
      -0.16249999998999998,
      0.33500000000499996,
      -0.19499999998999995,
      0.301250000005,
      -0.228749999995,
      0.26875000000500004,
      -0.2612499999950001,
      0.235,
      -0.29500000000000004,
      0.20250000001500001,
      -0.3275,
      0.16875000001,
      -0.36124999998500007,
      0.13625000000999998,
      -0.39374999999000004,
      0.10250000000999998,
      -0.42749999999,
      0.07000000000500001,
      -0.45999999998999996,
      0.036250000005000005
    ],
    "TaskName": "dis",
    "qc_type": "func",
    "run_id": "05",
    "subject_id": "29",
    "task_id": "dis"
  },
  "size_t": 166,
  "size_x": 64,
  "size_y": 64,
  "size_z": 30,
  "snr": 4.634730692007435,
  "spacing_tr": 1.0,
  "spacing_x": 3.125,
  "spacing_y": 3.125,
  "spacing_z": 3.9999988079071045,
  "spikes_num": 0,
  "summary_bg_k": 18.822108008390643,
  "summary_bg_mean": 62.02875518798828,
  "summary_bg_p05": 17.79517936706543,
  "summary_bg_p95": 248.60691986083967,
  "summary_bg_stdv": 86.87615966796875,
  "summary_fg_k": 0.6391038417108557,
  "summary_fg_mean": 756.1673583984375,
  "summary_fg_p05": 454.9337158203125,
  "summary_fg_p95": 1018.9653289794919,
  "summary_fg_stdv": 166.50904846191406,
  "tsnr": 74.1952896118164
}