{
  "aor": 0.0021213855421686745,
  "aqi": 0.004967009578313253,
  "dvars_nstd": 19.879679494909084,
  "dvars_std": 1.1777029964848489,
  "dvars_vstd": 1.015207415333334,
  "efc": 0.5925375121746066,
  "fber": 60.935306549072266,
  "fd_mean": 0.19933719826000001,
  "fd_num": 0,
  "fd_perc": 0.0,
  "fwhm_avg": 6.59057,
  "fwhm_x": 5.82803,
  "fwhm_y": 6.76166,
  "fwhm_z": 7.26431,
  "gcor": 0.021947691239506364,
  "gsr_x": -0.01307041198015213,
  "gsr_y": 0.07296716421842575,
  "metadata": {
    "EchoTime": 0,
    "FlipAngle": 90,
    "MRAcquisitionType": "2D",
    "MagneticFieldStrength": 3,
    "Manufacturer": "SIEMENS",
    "ManufacturerModelName": "TrioTim",
    "RepetitionTime": 2,
    "ScanOptions": "FS",
    "ScanningSequence": "EP",
    "SequenceName": "epfid2d1_56",
    "SequenceVariant": "SK",
    "SliceTiming": [
      0.0037499999899999747,
      0.5,
      -0.030000000014999917,
      0.4675,
      -0.0625,
      0.43374999999499997,
      -0.09624999999999995,
      0.401249999995,
      -0.12875000000499992,
      0.367499999995,
      -0.16250000000499998,
      0.33499999998999996,
      -0.19500000000499995,
      0.30124999999,
      -0.22875000001,
      0.26874999999,
      -0.26125000001,
      0.235,
      -0.29500000001499993,
      0.2025,
      -0.3275,
      0.168749999995,
      -0.36124999999999996,
      0.13624999999499998,
      -0.39375000000499993,
      0.10249999999499998,
      -0.427500000005,
      0.06999999999,
      -0.46000000000499996,
      0.036249999990000004
    ],
    "TaskName": "dis",
    "qc_type": "func",
    "run_id": "02",
    "subject_id": "06",
    "task_id": "dis"
  },
  "size_t": 166,
  "size_x": 64,
  "size_y": 56,
  "size_z": 30,
  "snr": 5.085214156099065,
  "spacing_tr": 1.0,
  "spacing_x": 3.125,
  "spacing_y": 3.125,
  "spacing_z": 4.0,
  "spikes_num": 0,
  "summary_bg_k": 12.171536988469782,
  "summary_bg_mean": 59.88957214355469,
  "summary_bg_p05": 16.95783042907715,
  "summary_bg_p95": 256.8915710449219,
  "summary_bg_stdv": 85.34718322753906,
  "summary_fg_k": 0.664024786855745,
  "summary_fg_mean": 798.1036376953125,
  "summary_fg_p05": 504.81926269531255,
  "summary_fg_p95": 1048.5427001953126,
  "summary_fg_stdv": 159.5380401611328,
  "tsnr": 72.14324188232422
}