{
  "aor": 0.020382727272727275,
  "aqi": 0.0053263931818181825,
  "dvars_nstd": 16.746278217142855,
  "dvars_std": 1.3124363985714285,
  "dvars_vstd": 1.250298700952381,
  "efc": 0.5281339915380195,
  "fber": 85.21721649169922,
  "fd_mean": 0.23757183417809521,
  "fd_num": 2,
  "fd_perc": 9.090909090909092,
  "fwhm_avg": 6.7808,
  "fwhm_x": 6.0118,
  "fwhm_y": 7.04609,
  "fwhm_z": 7.3602,
  "gcor": 0.0667714693329551,
  "gsr_x": -0.0022199603263288736,
  "gsr_y": 0.03693893551826477,
  "metadata": {
    "EchoTime": 0,
    "FlipAngle": 90,
    "MRAcquisitionType": "2D",
    "MagneticFieldStrength": 3,
    "Manufacturer": "SIEMENS",
    "ManufacturerModelName": "TrioTim",
    "RepetitionTime": 2,
    "ScanOptions": "FS",
    "ScanningSequence": "EP",
    "SequenceName": "epfid2d1_64",
    "SequenceVariant": "SK",
    "SliceTiming": [
      0.0037500000050000315,
      0.5,
      -0.030000000000000027,
      0.4675,
      -0.0625,
      0.43374999999499997,
      -0.09624999999999995,
      0.401249999995,
      -0.12875000000499992,
      0.36750000001,
      -0.16250000000499998,
      0.33500000000499996,
      -0.19499999998999995,
      0.301250000005,
      -0.228749999995,
      0.26875000000500004,
      -0.2612499999950001,
      0.235,
      -0.29500000000000004,
      0.2025,
      -0.3275,
      0.168749999995,
      -0.36124999999999996,
      0.13624999999499998,
      -0.39375000000499993,
      0.10249999999499998,
      -0.427500000005,
      0.07000000000500001,
      -0.46000000000499996,
      0.036250000005000005
    ],
    "TaskName": "dis",
    "qc_type": "func",
    "run_id": "02",
    "subject_id": "07",
    "task_id": "dis"
  },
  "size_t": 22,
  "size_x": 64,
  "size_y": 64,
  "size_z": 30,
  "snr": 5.324866851471498,
  "spacing_tr": 1.0,
  "spacing_x": 3.125,
  "spacing_y": 3.125,
  "spacing_z": 3.999999761581421,
  "spikes_num": 0,
  "summary_bg_k": 21.920804362286933,
  "summary_bg_mean": 45.7642936706543,
  "summary_bg_p05": 13.834091234207168,
  "summary_bg_p95": 173.87728424072213,
  "summary_bg_stdv": 68.43177795410156,
  "summary_fg_k": 0.8285815600191353,
  "summary_fg_mean": 746.1544799804688,
  "summary_fg_p05": 464.9341110229492,
  "summary_fg_p95": 956.8591339111326,
  "summary_fg_stdv": 144.20211791992188,
  "tsnr": 77.97028350830078
}