{
  "aor": 0.008940180722891565,
  "aqi": 0.0051386273493975905,
  "dvars_nstd": 21.397084605878792,
  "dvars_std": 1.22855249230303,
  "dvars_vstd": 1.1291203449090907,
  "efc": 0.5523303951100654,
  "fber": 73.45783233642578,
  "fd_mean": 0.35457435189090913,
  "fd_num": 6,
  "fd_perc": 3.6144578313253013,
  "fwhm_avg": 7.0236,
  "fwhm_x": 6.15828,
  "fwhm_y": 7.40566,
  "fwhm_z": 7.59725,
  "gcor": 0.110877393239952,
  "gsr_x": 0.0012051519006490707,
  "gsr_y": 0.05211922898888588,
  "metadata": {
    "EchoTime": 0,
    "FlipAngle": 90,
    "MRAcquisitionType": "2D",
    "MagneticFieldStrength": 3,
    "Manufacturer": "SIEMENS",
    "ManufacturerModelName": "TrioTim",
    "RepetitionTime": 2,
    "ScanOptions": "FS",
    "ScanningSequence": "EP",
    "SequenceName": "epfid2d1_64",
    "SequenceVariant": "SK",
    "SliceTiming": [
      0.0037500000050000315,
      0.5,
      -0.030000000000000027,
      0.4675,
      -0.0625,
      0.43374999999499997,
      -0.09624999999999995,
      0.40125000001,
      -0.12875000000499992,
      0.36750000001,
      -0.16249999998999998,
      0.33500000000499996,
      -0.19499999998999995,
      0.301250000005,
      -0.228749999995,
      0.26875000000500004,
      -0.2612499999950001,
      0.235,
      -0.29500000000000004,
      0.2025,
      -0.3275,
      0.168749999995,
      -0.36124999999999996,
      0.13625000000999998,
      -0.39375000000499993,
      0.10250000000999998,
      -0.42749999999,
      0.07000000000500001,
      -0.45999999998999996,
      0.036250000005000005
    ],
    "TaskName": "dis",
    "qc_type": "func",
    "run_id": "04",
    "subject_id": "13",
    "task_id": "dis"
  },
  "size_t": 166,
  "size_x": 64,
  "size_y": 64,
  "size_z": 30,
  "snr": 4.870869536757212,
  "spacing_tr": 1.0,
  "spacing_x": 3.125,
  "spacing_y": 3.125,
  "spacing_z": 4.000001907348633,
  "spikes_num": 1,
  "summary_bg_k": 20.123135979341015,
  "summary_bg_mean": 53.99691390991211,
  "summary_bg_p05": 16.02409553527832,
  "summary_bg_p95": 211.8017959594727,
  "summary_bg_stdv": 78.81269073486328,
  "summary_fg_k": 0.8298799899779308,
  "summary_fg_mean": 801.5524291992188,
  "summary_fg_p05": 496.1084289550781,
  "summary_fg_p95": 1065.566809082031,
  "summary_fg_stdv": 167.24525451660156,
  "tsnr": 67.64117431640625
}