{
  "aor": 0.0006025301204819277,
  "aqi": 0.0027452457228915664,
  "dvars_nstd": 18.54576972,
  "dvars_std": 1.1109543351515143,
  "dvars_vstd": 0.9935402530303031,
  "efc": 0.5716621054353914,
  "fber": 52.90133285522461,
  "fd_mean": 0.23069708440000006,
  "fd_num": 0,
  "fd_perc": 0.0,
  "fwhm_avg": 7.47814,
  "fwhm_x": 6.70359,
  "fwhm_y": 7.88276,
  "fwhm_z": 7.91396,
  "gcor": 0.03816405836358128,
  "gsr_x": 0.007879969663918018,
  "gsr_y": 0.049895599484443665,
  "metadata": {
    "EchoTime": 0,
    "FlipAngle": 90,
    "MRAcquisitionType": "2D",
    "MagneticFieldStrength": 3,
    "Manufacturer": "SIEMENS",
    "ManufacturerModelName": "TrioTim",
    "RepetitionTime": 2,
    "ScanOptions": "FS",
    "ScanningSequence": "EP",
    "SequenceName": "epfid2d1_64",
    "SequenceVariant": "SK",
    "SliceTiming": [
      0.0025000000000000022,
      0.5,
      -0.030000000000000027,
      0.46625,
      -0.06374999999999997,
      0.43374999999499997,
      -0.09624999999999995,
      0.399999999995,
      -0.1300000000049999,
      0.367499999995,
      -0.16250000000499998,
      0.333750000005,
      -0.19624999999500004,
      0.301250000005,
      -0.228749999995,
      0.26749999999999996,
      -0.26249999999500007,
      0.235,
      -0.29500000000000004,
      0.20124999999999998,
      -0.32875,
      0.168749999995,
      -0.36124999999999996,
      0.134999999995,
      -0.3950000000049999,
      0.10249999999499998,
      -0.427500000005,
      0.06875000000499998,
      -0.46124999999500005,
      0.036250000005000005
    ],
    "TaskName": "dis",
    "qc_type": "func",
    "run_id": "01",
    "subject_id": "46",
    "task_id": "dis"
  },
  "size_t": 166,
  "size_x": 64,
  "size_y": 64,
  "size_z": 30,
  "snr": 4.665871778136657,
  "spacing_tr": 1.0,
  "spacing_x": 3.125,
  "spacing_y": 3.125,
  "spacing_z": 4.000001907348633,
  "spikes_num": 0,
  "summary_bg_k": 11.232177660235058,
  "summary_bg_mean": 75.15239715576172,
  "summary_bg_p05": 17.933734893798828,
  "summary_bg_p95": 312.0415435791015,
  "summary_bg_stdv": 103.60790252685547,
  "summary_fg_k": 0.609148183758744,
  "summary_fg_mean": 909.58740234375,
  "summary_fg_p05": 556.0219543457032,
  "summary_fg_p95": 1230.9893798828123,
  "summary_fg_stdv": 198.25746154785156,
  "tsnr": 87.45793151855469
}