{
  "aor": 0.006170662650602409,
  "aqi": 0.0076683251807228925,
  "dvars_nstd": 34.78543688478789,
  "dvars_std": 1.2317891732121207,
  "dvars_vstd": 1.027609626363637,
  "efc": 0.6192128995818713,
  "fber": 48.821617126464844,
  "fd_mean": 0.6183277862133333,
  "fd_num": 21,
  "fd_perc": 12.650602409638553,
  "fwhm_avg": 6.75494,
  "fwhm_x": 5.88977,
  "fwhm_y": 7.05097,
  "fwhm_z": 7.42194,
  "gcor": 0.06857092983751412,
  "gsr_x": -0.006562268827110529,
  "gsr_y": 0.09141958504915237,
  "metadata": {
    "EchoTime": 0,
    "FlipAngle": 90,
    "MRAcquisitionType": "2D",
    "MagneticFieldStrength": 3,
    "Manufacturer": "SIEMENS",
    "ManufacturerModelName": "TrioTim",
    "RepetitionTime": 2,
    "ScanOptions": "FS",
    "ScanningSequence": "EP",
    "SequenceName": "epfid2d1_64",
    "SequenceVariant": "SK",
    "SliceTiming": [
      0.0025000000000000022,
      0.5,
      -0.030000000000000027,
      0.46625,
      -0.06374999999999997,
      0.43374999999499997,
      -0.09624999999999995,
      0.399999999995,
      -0.1300000000049999,
      0.367499999995,
      -0.16250000000499998,
      0.333750000005,
      -0.19625000001000004,
      0.301250000005,
      -0.228749999995,
      0.26749999999999996,
      -0.26249999999500007,
      0.235,
      -0.29500000000000004,
      0.20124999999999998,
      -0.32875,
      0.168749999995,
      -0.36124999999999996,
      0.134999999995,
      -0.3950000000049999,
      0.10249999999499998,
      -0.427500000005,
      0.06874999998999998,
      -0.46125000001000005,
      0.036250000005000005
    ],
    "TaskName": "dis",
    "qc_type": "func",
    "run_id": "05",
    "subject_id": "35",
    "task_id": "dis"
  },
  "size_t": 166,
  "size_x": 64,
  "size_y": 64,
  "size_z": 30,
  "snr": 4.656246835897922,
  "spacing_tr": 1.0,
  "spacing_x": 3.125,
  "spacing_y": 3.125,
  "spacing_z": 4.000001430511475,
  "spikes_num": 0,
  "summary_bg_k": 18.396055990217523,
  "summary_bg_mean": 64.98753356933594,
  "summary_bg_p05": 17.29517936706543,
  "summary_bg_p95": 244.29366302490234,
  "summary_bg_stdv": 89.25857543945312,
  "summary_fg_k": 0.8474182550521276,
  "summary_fg_mean": 754.4217529296875,
  "summary_fg_p05": 481.25208740234376,
  "summary_fg_p95": 1027.7975341796873,
  "summary_fg_stdv": 161.26536560058594,
  "tsnr": 54.70642852783203
}