{
  "aor": 0.0009918072289156626,
  "aqi": 0.004111945602409638,
  "dvars_nstd": 17.668467105333328,
  "dvars_std": 1.127408338242424,
  "dvars_vstd": 0.9959068908484858,
  "efc": 0.5924534518757244,
  "fber": 61.386661529541016,
  "fd_mean": 0.1614643537139394,
  "fd_num": 0,
  "fd_perc": 0.0,
  "fwhm_avg": 6.60966,
  "fwhm_x": 5.85499,
  "fwhm_y": 6.82063,
  "fwhm_z": 7.2308,
  "gcor": 0.03724280610141984,
  "gsr_x": -0.014001956209540367,
  "gsr_y": 0.07273674011230469,
  "metadata": {
    "EchoTime": 0,
    "FlipAngle": 90,
    "MRAcquisitionType": "2D",
    "MagneticFieldStrength": 3,
    "Manufacturer": "SIEMENS",
    "ManufacturerModelName": "TrioTim",
    "RepetitionTime": 2,
    "ScanOptions": "FS",
    "ScanningSequence": "EP",
    "SequenceName": "epfid2d1_56",
    "SequenceVariant": "SK",
    "SliceTiming": [
      0.0025000000000000022,
      0.5,
      -0.030000000000000027,
      0.46625,
      -0.06374999999999997,
      0.43374999999499997,
      -0.09624999999999995,
      0.399999999995,
      -0.1300000000049999,
      0.367499999995,
      -0.16250000000499998,
      0.333750000005,
      -0.19625000001000004,
      0.301250000005,
      -0.228749999995,
      0.26749999999999996,
      -0.26249999999500007,
      0.235,
      -0.29500000000000004,
      0.20124999999999998,
      -0.32875,
      0.168749999995,
      -0.36124999999999996,
      0.134999999995,
      -0.3950000000049999,
      0.10249999999499998,
      -0.427500000005,
      0.06875000000499998,
      -0.46125000001000005,
      0.036250000005000005
    ],
    "TaskName": "dis",
    "qc_type": "func",
    "run_id": "03",
    "subject_id": "06",
    "task_id": "dis"
  },
  "size_t": 166,
  "size_x": 64,
  "size_y": 56,
  "size_z": 30,
  "snr": 5.08941316159157,
  "spacing_tr": 1.0,
  "spacing_x": 3.125,
  "spacing_y": 3.125,
  "spacing_z": 4.0,
  "spikes_num": 0,
  "summary_bg_k": 12.358847512025859,
  "summary_bg_mean": 59.588375091552734,
  "summary_bg_p05": 16.83734893798828,
  "summary_bg_p95": 254.91685485839835,
  "summary_bg_stdv": 84.99493408203125,
  "summary_fg_k": 0.6745337581633626,
  "summary_fg_mean": 797.5186157226562,
  "summary_fg_p05": 505.01806640625,
  "summary_fg_p95": 1046.3975830078125,
  "summary_fg_stdv": 159.3740692138672,
  "tsnr": 78.38240051269531
}