{
  "aor": 0.0023363253012048195,
  "aqi": 0.0055681526506024094,
  "dvars_nstd": 21.806346973999997,
  "dvars_std": 1.1666332153333343,
  "dvars_vstd": 1.007418616666666,
  "efc": 0.5996305703399071,
  "fber": 54.08894729614258,
  "fd_mean": 0.2913671085987879,
  "fd_num": 2,
  "fd_perc": 1.2048192771084338,
  "fwhm_avg": 7.18557,
  "fwhm_x": 6.29502,
  "fwhm_y": 7.39775,
  "fwhm_z": 7.96683,
  "gcor": 0.033692592597869504,
  "gsr_x": -0.014271283522248268,
  "gsr_y": 0.0644616186618805,
  "metadata": {
    "EchoTime": 0,
    "FlipAngle": 90,
    "MRAcquisitionType": "2D",
    "MagneticFieldStrength": 3,
    "Manufacturer": "SIEMENS",
    "ManufacturerModelName": "TrioTim",
    "RepetitionTime": 2,
    "ScanOptions": "FS",
    "ScanningSequence": "EP",
    "SequenceName": "epfid2d1_64",
    "SequenceVariant": "SK",
    "SliceTiming": [
      0.0024999999900000014,
      0.5,
      -0.030000000014999917,
      0.46625,
      -0.06374999999999997,
      0.43374999999499997,
      -0.09624999999999995,
      0.399999999995,
      -0.1300000000049999,
      0.367499999995,
      -0.16250000000499998,
      0.33374999999,
      -0.19625000001000004,
      0.30124999999,
      -0.22875000001,
      0.26749999998499996,
      -0.26250000000999996,
      0.235,
      -0.29500000001499993,
      0.20124999999999998,
      -0.32875,
      0.168749999995,
      -0.36124999999999996,
      0.134999999995,
      -0.3950000000049999,
      0.10249999999499998,
      -0.427500000005,
      0.06874999998999998,
      -0.46125000001000005,
      0.036249999990000004
    ],
    "TaskName": "dis",
    "qc_type": "func",
    "run_id": "05",
    "subject_id": "20",
    "task_id": "dis"
  },
  "size_t": 166,
  "size_x": 64,
  "size_y": 64,
  "size_z": 30,
  "snr": 4.955103669201792,
  "spacing_tr": 1.0,
  "spacing_x": 3.125,
  "spacing_y": 3.125,
  "spacing_z": 3.9999990463256836,
  "spikes_num": 0,
  "summary_bg_k": 18.366621129549348,
  "summary_bg_mean": 59.89494705200195,
  "summary_bg_p05": 16.83734893798828,
  "summary_bg_p95": 223.73492431640625,
  "summary_bg_stdv": 79.10496520996094,
  "summary_fg_k": 0.9336512402423183,
  "summary_fg_mean": 714.8516845703125,
  "summary_fg_p05": 450.76805114746094,
  "summary_fg_p95": 946.0240783691406,
  "summary_fg_stdv": 146.60398864746094,
  "tsnr": 72.72693634033203
}