{
  "aor": 0.002071867469879518,
  "aqi": 0.005425099457831325,
  "dvars_nstd": 23.425901274060617,
  "dvars_std": 1.2650260293939395,
  "dvars_vstd": 1.020148735818182,
  "efc": 0.5643584390513904,
  "fber": 67.32251739501953,
  "fd_mean": 0.24772498461333328,
  "fd_num": 0,
  "fd_perc": 0.0,
  "fwhm_avg": 6.61625,
  "fwhm_x": 5.83911,
  "fwhm_y": 6.94154,
  "fwhm_z": 7.14552,
  "gcor": 0.04910690813179476,
  "gsr_x": -0.010767520405352116,
  "gsr_y": 0.054549816995859146,
  "metadata": {
    "EchoTime": 0,
    "FlipAngle": 90,
    "MRAcquisitionType": "2D",
    "MagneticFieldStrength": 3,
    "Manufacturer": "SIEMENS",
    "ManufacturerModelName": "TrioTim",
    "RepetitionTime": 2,
    "ScanOptions": "FS",
    "ScanningSequence": "EP",
    "SequenceName": "epfid2d1_64",
    "SequenceVariant": "SK",
    "SliceTiming": [
      0.0037499999899999747,
      0.5,
      -0.030000000000000027,
      0.4675,
      -0.0625,
      0.43374999999499997,
      -0.09624999999999995,
      0.401249999995,
      -0.12875000000499992,
      0.367499999995,
      -0.16250000000499998,
      0.33499999998999996,
      -0.19500000000499995,
      0.30124999999,
      -0.22875000001,
      0.26874999999,
      -0.26125000001,
      0.235,
      -0.29500000001499993,
      0.2025,
      -0.3275,
      0.168749999995,
      -0.36124999999999996,
      0.13624999999499998,
      -0.39375000000499993,
      0.10249999999499998,
      -0.427500000005,
      0.06999999999,
      -0.46000000000499996,
      0.036249999990000004
    ],
    "TaskName": "dis",
    "qc_type": "func",
    "run_id": "05",
    "subject_id": "04",
    "task_id": "dis"
  },
  "size_t": 166,
  "size_x": 64,
  "size_y": 64,
  "size_z": 30,
  "snr": 5.373676290425714,
  "spacing_tr": 1.0,
  "spacing_x": 3.125,
  "spacing_y": 3.125,
  "spacing_z": 4.000001430511475,
  "spikes_num": 0,
  "summary_bg_k": 21.42885053313001,
  "summary_bg_mean": 55.780391693115234,
  "summary_bg_p05": 16.367469787597656,
  "summary_bg_p95": 229.27890777587885,
  "summary_bg_stdv": 86.40635681152344,
  "summary_fg_k": 1.0672976026091021,
  "summary_fg_mean": 828.9970092773438,
  "summary_fg_p05": 533.610205078125,
  "summary_fg_p95": 1070.7068603515625,
  "summary_fg_stdv": 157.69825744628906,
  "tsnr": 78.5736083984375
}