{
  "aor": 0.001440843373493976,
  "aqi": 0.0059052194578313255,
  "dvars_nstd": 18.438779952242424,
  "dvars_std": 1.1510583005454553,
  "dvars_vstd": 1.0061001564848486,
  "efc": 0.5622970286310651,
  "fber": 56.674251556396484,
  "fd_mean": 0.2779386686738788,
  "fd_num": 0,
  "fd_perc": 0.0,
  "fwhm_avg": 6.57316,
  "fwhm_x": 5.89667,
  "fwhm_y": 6.76864,
  "fwhm_z": 7.11563,
  "gcor": 0.06379584806511202,
  "gsr_x": -0.005913016851991415,
  "gsr_y": 0.044039804488420486,
  "metadata": {
    "EchoTime": 0,
    "FlipAngle": 90,
    "MRAcquisitionType": "2D",
    "MagneticFieldStrength": 3,
    "Manufacturer": "SIEMENS",
    "ManufacturerModelName": "TrioTim",
    "RepetitionTime": 2,
    "ScanOptions": "FS",
    "ScanningSequence": "EP",
    "SequenceName": "epfid2d1_64",
    "SequenceVariant": "SK",
    "SliceTiming": [
      0.0025000000000000022,
      0.5,
      -0.030000000000000027,
      0.466250000005,
      -0.06374999999500008,
      0.43375000000499997,
      -0.09624999999500006,
      0.4,
      -0.129999999995,
      0.3675,
      -0.16249999999999998,
      0.333750000005,
      -0.19624999999500004,
      0.301250000005,
      -0.228749999995,
      0.26749999999999996,
      -0.26249999999500007,
      0.235,
      -0.29500000000000004,
      0.20125000000499998,
      -0.32875,
      0.168750000005,
      -0.36124999999500007,
      0.135,
      -0.394999999995,
      0.10249999999999998,
      -0.4275,
      0.06875000000499998,
      -0.46125000000000005,
      0.036250000005000005
    ],
    "TaskName": "dis",
    "qc_type": "func",
    "run_id": "06",
    "subject_id": "11",
    "task_id": "dis"
  },
  "size_t": 166,
  "size_x": 64,
  "size_y": 64,
  "size_z": 30,
  "snr": 5.044286245314156,
  "spacing_tr": 1.0,
  "spacing_x": 3.125,
  "spacing_y": 3.125,
  "spacing_z": 4.000000476837158,
  "spikes_num": 0,
  "summary_bg_k": 29.61321854168741,
  "summary_bg_mean": 55.05601501464844,
  "summary_bg_p05": 14.789155960083008,
  "summary_bg_p95": 218.2945648193359,
  "summary_bg_stdv": 87.1906509399414,
  "summary_fg_k": 1.182991758997102,
  "summary_fg_mean": 761.134765625,
  "summary_fg_p05": 485.9059936523438,
  "summary_fg_p95": 997.4240722656249,
  "summary_fg_stdv": 152.68394470214844,
  "tsnr": 75.90326690673828
}