{
  "aor": 0.0006924698795180723,
  "aqi": 0.003340772710843374,
  "dvars_nstd": 17.382282985090917,
  "dvars_std": 1.1296032719999998,
  "dvars_vstd": 1.0014670586666667,
  "efc": 0.5636307111324351,
  "fber": 67.48219299316406,
  "fd_mean": 0.21816936897575756,
  "fd_num": 0,
  "fd_perc": 0.0,
  "fwhm_avg": 6.8976,
  "fwhm_x": 6.14002,
  "fwhm_y": 7.34478,
  "fwhm_z": 7.27687,
  "gcor": 0.028149871941072394,
  "gsr_x": -0.011173180304467678,
  "gsr_y": 0.05505065992474556,
  "metadata": {
    "EchoTime": 0,
    "FlipAngle": 90,
    "MRAcquisitionType": "2D",
    "MagneticFieldStrength": 3,
    "Manufacturer": "SIEMENS",
    "ManufacturerModelName": "TrioTim",
    "RepetitionTime": 2,
    "ScanOptions": "FS",
    "ScanningSequence": "EP",
    "SequenceName": "epfid2d1_64",
    "SequenceVariant": "SK",
    "SliceTiming": [
      0.0037500000050000315,
      0.5,
      -0.030000000000000027,
      0.4675,
      -0.0625,
      0.43374999999499997,
      -0.09624999999999995,
      0.40125000001,
      -0.12875000000499992,
      0.36750000001,
      -0.16249999998999998,
      0.33500000000499996,
      -0.19499999998999995,
      0.301250000005,
      -0.228749999995,
      0.26875000000500004,
      -0.2612499999950001,
      0.235,
      -0.29500000000000004,
      0.2025,
      -0.3275,
      0.168749999995,
      -0.36124999999999996,
      0.13624999999499998,
      -0.39375000000499993,
      0.10250000000999998,
      -0.42749999999,
      0.07000000000500001,
      -0.45999999998999996,
      0.036250000005000005
    ],
    "TaskName": "dis",
    "qc_type": "func",
    "run_id": "06",
    "subject_id": "47",
    "task_id": "dis"
  },
  "size_t": 166,
  "size_x": 64,
  "size_y": 64,
  "size_z": 30,
  "snr": 4.9594333517294205,
  "spacing_tr": 1.0,
  "spacing_x": 3.125,
  "spacing_y": 3.125,
  "spacing_z": 3.9999990463256836,
  "spikes_num": 0,
  "summary_bg_k": 21.059982930516863,
  "summary_bg_mean": 54.29062271118164,
  "summary_bg_p05": 15.831324577331543,
  "summary_bg_p95": 205.7695655822754,
  "summary_bg_stdv": 75.95497131347656,
  "summary_fg_k": 0.8052037047115626,
  "summary_fg_mean": 751.1611938476562,
  "summary_fg_p05": 465.83462066650395,
  "summary_fg_p95": 984.9231567382811,
  "summary_fg_stdv": 154.83604431152344,
  "tsnr": 83.70248413085938
}