{
  "aor": 0.0014698795180722892,
  "aqi": 0.004048909638554216,
  "dvars_nstd": 23.431451277636363,
  "dvars_std": 1.1931385271515156,
  "dvars_vstd": 0.9975154726666674,
  "efc": 0.5728940427185294,
  "fber": 66.68894958496094,
  "fd_mean": 0.20380682661818186,
  "fd_num": 0,
  "fd_perc": 0.0,
  "fwhm_avg": 7.62456,
  "fwhm_x": 6.76596,
  "fwhm_y": 7.86167,
  "fwhm_z": 8.33297,
  "gcor": 0.0305189799113446,
  "gsr_x": -0.02127794735133648,
  "gsr_y": 0.04764407500624657,
  "metadata": {
    "EchoTime": 0,
    "FlipAngle": 90,
    "MRAcquisitionType": "2D",
    "MagneticFieldStrength": 3,
    "Manufacturer": "SIEMENS",
    "ManufacturerModelName": "TrioTim",
    "RepetitionTime": 2,
    "ScanOptions": "FS",
    "ScanningSequence": "EP",
    "SequenceName": "epfid2d1_64",
    "SequenceVariant": "SK",
    "SliceTiming": [
      0.0037500000050000315,
      0.5,
      -0.030000000000000027,
      0.4675,
      -0.0625,
      0.43374999999499997,
      -0.09624999999999995,
      0.40125000001,
      -0.12875000000499992,
      0.36750000001,
      -0.16249999998999998,
      0.33500000000499996,
      -0.19499999998999995,
      0.301250000005,
      -0.228749999995,
      0.26875000000500004,
      -0.2612499999950001,
      0.235,
      -0.29500000000000004,
      0.2025,
      -0.3275,
      0.168749999995,
      -0.36124999999999996,
      0.13624999999499998,
      -0.39375000000499993,
      0.10250000000999998,
      -0.42749999999,
      0.07000000000500001,
      -0.45999999998999996,
      0.036250000005000005
    ],
    "TaskName": "dis",
    "qc_type": "func",
    "run_id": "04",
    "subject_id": "16",
    "task_id": "dis"
  },
  "size_t": 166,
  "size_x": 64,
  "size_y": 64,
  "size_z": 30,
  "snr": 4.652798724249394,
  "spacing_tr": 1.0,
  "spacing_x": 3.125,
  "spacing_y": 3.125,
  "spacing_z": 3.9999985694885254,
  "spikes_num": 0,
  "summary_bg_k": 12.108917882866505,
  "summary_bg_mean": 68.47561645507812,
  "summary_bg_p05": 17.83734893798828,
  "summary_bg_p95": 278.6409545898437,
  "summary_bg_stdv": 94.29281616210938,
  "summary_fg_k": 0.5797550479131166,
  "summary_fg_mean": 929.8128051757812,
  "summary_fg_p05": 576.0330932617187,
  "summary_fg_p95": 1254.250537109374,
  "summary_fg_stdv": 202.69924926757812,
  "tsnr": 74.59425354003906
}