{
  "aor": 0.015605481927710843,
  "aqi": 0.005985716204819277,
  "dvars_nstd": 17.543709408363643,
  "dvars_std": 1.2810051339393933,
  "dvars_vstd": 1.2260648585454552,
  "efc": 0.5294559067770006,
  "fber": 85.27616119384766,
  "fd_mean": 0.30013953770363627,
  "fd_num": 6,
  "fd_perc": 3.6144578313253013,
  "fwhm_avg": 6.85461,
  "fwhm_x": 6.05822,
  "fwhm_y": 7.13572,
  "fwhm_z": 7.45015,
  "gcor": 0.2050201691776873,
  "gsr_x": -0.002586635295301676,
  "gsr_y": 0.03840133920311928,
  "metadata": {
    "EchoTime": 0,
    "FlipAngle": 90,
    "MRAcquisitionType": "2D",
    "MagneticFieldStrength": 3,
    "Manufacturer": "SIEMENS",
    "ManufacturerModelName": "TrioTim",
    "RepetitionTime": 2,
    "ScanOptions": "FS",
    "ScanningSequence": "EP",
    "SequenceName": "epfid2d1_64",
    "SequenceVariant": "SK",
    "SliceTiming": [
      0.0025000000000000022,
      0.5,
      -0.030000000000000027,
      0.46625,
      -0.06374999999999997,
      0.43375000000999997,
      -0.09624999999999995,
      0.40000000001,
      -0.12999999999,
      0.36750000001,
      -0.16249999998999998,
      0.333750000005,
      -0.19624999999500004,
      0.301250000005,
      -0.228749999995,
      0.26749999999999996,
      -0.26249999999500007,
      0.235,
      -0.29500000000000004,
      0.20124999999999998,
      -0.32875,
      0.168749999995,
      -0.36124999999999996,
      0.13500000001,
      -0.39499999999,
      0.10250000000999998,
      -0.42749999999,
      0.06875000000499998,
      -0.46124999999500005,
      0.036250000005000005
    ],
    "TaskName": "dis",
    "qc_type": "func",
    "run_id": "04",
    "subject_id": "07",
    "task_id": "dis"
  },
  "size_t": 166,
  "size_x": 64,
  "size_y": 64,
  "size_z": 30,
  "snr": 5.343718325010459,
  "spacing_tr": 1.0,
  "spacing_x": 3.125,
  "spacing_y": 3.125,
  "spacing_z": 3.999999761581421,
  "spikes_num": 0,
  "summary_bg_k": 21.669997789578623,
  "summary_bg_mean": 45.96852111816406,
  "summary_bg_p05": 14.325300216674805,
  "summary_bg_p95": 175.23644561767588,
  "summary_bg_stdv": 68.0501937866211,
  "summary_fg_k": 0.7920841675961157,
  "summary_fg_mean": 744.626708984375,
  "summary_fg_p05": 462.39937896728514,
  "summary_fg_p95": 954.4096069335938,
  "summary_fg_stdv": 143.623779296875,
  "tsnr": 67.70793151855469
}