{
  "aor": 0.0007074698795180723,
  "aqi": 0.002626868072289157,
  "dvars_nstd": 15.183046363939381,
  "dvars_std": 1.1261553049696966,
  "dvars_vstd": 1.0088574598787883,
  "efc": 0.5838506120456571,
  "fber": 58.77531814575195,
  "fd_mean": 0.1162198646012121,
  "fd_num": 0,
  "fd_perc": 0.0,
  "fwhm_avg": 6.61489,
  "fwhm_x": 5.95961,
  "fwhm_y": 6.82835,
  "fwhm_z": 7.1127,
  "gcor": 0.013289687145187194,
  "gsr_x": -0.004882184322923422,
  "gsr_y": 0.061029329895973206,
  "metadata": {
    "EchoTime": 0,
    "FlipAngle": 90,
    "MRAcquisitionType": "2D",
    "MagneticFieldStrength": 3,
    "Manufacturer": "SIEMENS",
    "ManufacturerModelName": "TrioTim",
    "RepetitionTime": 2,
    "ScanOptions": "FS",
    "ScanningSequence": "EP",
    "SequenceName": "epfid2d1_64",
    "SequenceVariant": "SK",
    "SliceTiming": [
      0.0037500000050000315,
      0.5,
      -0.030000000000000027,
      0.4675,
      -0.0625,
      0.43375000000999997,
      -0.09624999998999995,
      0.40125000001,
      -0.12874999999000003,
      0.36750000001,
      -0.16249999998999998,
      0.33500000000499996,
      -0.19499999998999995,
      0.301250000005,
      -0.228749999995,
      0.26875000000500004,
      -0.2612499999950001,
      0.235,
      -0.29500000000000004,
      0.2025,
      -0.3275,
      0.16875000001,
      -0.36124999998500007,
      0.13625000000999998,
      -0.39374999999000004,
      0.10250000000999998,
      -0.42749999999,
      0.07000000000500001,
      -0.45999999998999996,
      0.036250000005000005
    ],
    "TaskName": "dis",
    "qc_type": "func",
    "run_id": "04",
    "subject_id": "05",
    "task_id": "dis"
  },
  "size_t": 166,
  "size_x": 64,
  "size_y": 64,
  "size_z": 30,
  "snr": 4.9279590703085105,
  "spacing_tr": 1.0,
  "spacing_x": 3.125,
  "spacing_y": 3.125,
  "spacing_z": 3.99999737739563,
  "spikes_num": 0,
  "summary_bg_k": 20.12695929660035,
  "summary_bg_mean": 60.187747955322266,
  "summary_bg_p05": 15.704818725585938,
  "summary_bg_p95": 238.99999618530273,
  "summary_bg_stdv": 85.10533142089844,
  "summary_fg_k": 0.7085740676492427,
  "summary_fg_mean": 782.8165283203125,
  "summary_fg_p05": 492.7102294921875,
  "summary_fg_p95": 1037.159552001953,
  "summary_fg_stdv": 160.68751525878906,
  "tsnr": 96.43086242675781
}