{
  "aor": 0.0075205421686747,
  "aqi": 0.00667408620481928,
  "dvars_nstd": 21.882187843090907,
  "dvars_std": 1.2165441537575759,
  "dvars_vstd": 1.0536085374545452,
  "efc": 0.6265160310903092,
  "fber": 43.75707244873047,
  "fd_mean": 0.30392093104242424,
  "fd_num": 6,
  "fd_perc": 3.6144578313253013,
  "fwhm_avg": 6.7241,
  "fwhm_x": 5.90606,
  "fwhm_y": 6.92757,
  "fwhm_z": 7.43062,
  "gcor": 0.10292781691953361,
  "gsr_x": 0.0008949594921432436,
  "gsr_y": 0.071088045835495,
  "metadata": {
    "EchoTime": 0,
    "FlipAngle": 90,
    "MRAcquisitionType": "2D",
    "MagneticFieldStrength": 3,
    "Manufacturer": "SIEMENS",
    "ManufacturerModelName": "TrioTim",
    "RepetitionTime": 2,
    "ScanOptions": "FS",
    "ScanningSequence": "EP",
    "SequenceName": "epfid2d1_64",
    "SequenceVariant": "SK",
    "SliceTiming": [
      0.0037499999899999747,
      0.5,
      -0.030000000014999917,
      0.4675,
      -0.0625,
      0.43374999999499997,
      -0.09624999999999995,
      0.401249999995,
      -0.12875000000499992,
      0.367499999995,
      -0.16250000000499998,
      0.33499999998999996,
      -0.19500000000499995,
      0.30124999999,
      -0.22875000001,
      0.26874999999,
      -0.26125000001,
      0.23499999998499999,
      -0.29500000001499993,
      0.2025,
      -0.3275000000149999,
      0.168749999995,
      -0.36124999999999996,
      0.13624999999499998,
      -0.39375000000499993,
      0.10249999999499998,
      -0.427500000005,
      0.06999999999,
      -0.46000000000499996,
      0.036249999990000004
    ],
    "TaskName": "dis",
    "qc_type": "func",
    "run_id": "06",
    "subject_id": "08",
    "task_id": "dis"
  },
  "size_t": 166,
  "size_x": 64,
  "size_y": 64,
  "size_z": 30,
  "snr": 5.2856569710617824,
  "spacing_tr": 1.0,
  "spacing_x": 3.125,
  "spacing_y": 3.125,
  "spacing_z": 3.999999523162842,
  "spikes_num": 0,
  "summary_bg_k": 8.192067799167125,
  "summary_bg_mean": 72.86500549316406,
  "summary_bg_p05": 16.469879150390625,
  "summary_bg_p95": 287.5487854003901,
  "summary_bg_stdv": 96.12432098388672,
  "summary_fg_k": 1.0076249301699765,
  "summary_fg_mean": 783.4558715820312,
  "summary_fg_p05": 504.0978805541992,
  "summary_fg_p95": 1017.2671417236326,
  "summary_fg_stdv": 151.08615112304688,
  "tsnr": 67.08460235595703
}