{
  "aor": 0.0008439759036144578,
  "aqi": 0.0033477022891566267,
  "dvars_nstd": 22.553618991636366,
  "dvars_std": 1.1606184283030305,
  "dvars_vstd": 1.002884790969697,
  "efc": 0.6027543030592383,
  "fber": 39.25417709350586,
  "fd_mean": 0.22147081396969698,
  "fd_num": 0,
  "fd_perc": 0.0,
  "fwhm_avg": 7.25161,
  "fwhm_x": 6.48144,
  "fwhm_y": 7.7259,
  "fwhm_z": 7.61522,
  "gcor": 0.040426208312252916,
  "gsr_x": 0.00391547242179513,
  "gsr_y": 0.05043366178870201,
  "metadata": {
    "EchoTime": 0,
    "FlipAngle": 90,
    "MRAcquisitionType": "2D",
    "MagneticFieldStrength": 3,
    "Manufacturer": "SIEMENS",
    "ManufacturerModelName": "TrioTim",
    "RepetitionTime": 2,
    "ScanOptions": "FS",
    "ScanningSequence": "EP",
    "SequenceName": "epfid2d1_64",
    "SequenceVariant": "SK",
    "SliceTiming": [
      0.0025000000000000022,
      0.5,
      -0.030000000000000027,
      0.46625,
      -0.06374999999999997,
      0.43374999999499997,
      -0.09624999999999995,
      0.399999999995,
      -0.1300000000049999,
      0.36750000001,
      -0.16250000000499998,
      0.333750000005,
      -0.19624999999500004,
      0.301250000005,
      -0.228749999995,
      0.26749999999999996,
      -0.26249999999500007,
      0.235,
      -0.29500000000000004,
      0.20124999999999998,
      -0.32875,
      0.168749999995,
      -0.36124999999999996,
      0.134999999995,
      -0.3950000000049999,
      0.10249999999499998,
      -0.427500000005,
      0.06875000000499998,
      -0.46124999999500005,
      0.036250000005000005
    ],
    "TaskName": "dis",
    "qc_type": "func",
    "run_id": "02",
    "subject_id": "45",
    "task_id": "dis"
  },
  "size_t": 166,
  "size_x": 64,
  "size_y": 64,
  "size_z": 30,
  "snr": 4.500956243734662,
  "spacing_tr": 1.0,
  "spacing_x": 3.125,
  "spacing_y": 3.125,
  "spacing_z": 4.000000476837158,
  "spikes_num": 0,
  "summary_bg_k": 14.146189047241048,
  "summary_bg_mean": 84.0880355834961,
  "summary_bg_p05": 18.343372344970703,
  "summary_bg_p95": 337.9349212646483,
  "summary_bg_stdv": 116.24192810058594,
  "summary_fg_k": 0.5305966678449865,
  "summary_fg_mean": 877.0498046875,
  "summary_fg_p05": 538.331298828125,
  "summary_fg_p95": 1194.6806640625,
  "summary_fg_stdv": 196.8545684814453,
  "tsnr": 76.76507568359375
}