{
  "aor": 0.0025665662650602413,
  "aqi": 0.005534517108433736,
  "dvars_nstd": 19.240379431333327,
  "dvars_std": 1.142992406242425,
  "dvars_vstd": 1.005851721030303,
  "efc": 0.5582397597622077,
  "fber": 69.25096130371094,
  "fd_mean": 0.38500277172424247,
  "fd_num": 7,
  "fd_perc": 4.216867469879518,
  "fwhm_avg": 6.84558,
  "fwhm_x": 6.06117,
  "fwhm_y": 7.06956,
  "fwhm_z": 7.48656,
  "gcor": 0.04337227200887289,
  "gsr_x": -0.006407048553228378,
  "gsr_y": 0.033285945653915405,
  "metadata": {
    "EchoTime": 0,
    "FlipAngle": 90,
    "MRAcquisitionType": "2D",
    "MagneticFieldStrength": 3,
    "Manufacturer": "SIEMENS",
    "ManufacturerModelName": "TrioTim",
    "RepetitionTime": 2,
    "ScanOptions": "FS",
    "ScanningSequence": "EP",
    "SequenceName": "epfid2d1_64",
    "SequenceVariant": "SK",
    "SliceTiming": [
      0.0025000000000000022,
      0.5,
      -0.030000000000000027,
      0.46625,
      -0.06374999999999997,
      0.43375000000999997,
      -0.09624999999999995,
      0.40000000001,
      -0.12999999999,
      0.36750000001,
      -0.16249999998999998,
      0.333750000005,
      -0.19624999999500004,
      0.301250000005,
      -0.228749999995,
      0.26749999999999996,
      -0.26249999999500007,
      0.235,
      -0.29500000000000004,
      0.20124999999999998,
      -0.32875,
      0.168749999995,
      -0.36124999999999996,
      0.13500000001,
      -0.39499999999,
      0.10250000000999998,
      -0.42749999999,
      0.06875000000499998,
      -0.46124999999500005,
      0.036250000005000005
    ],
    "TaskName": "dis",
    "qc_type": "func",
    "run_id": "01",
    "subject_id": "09",
    "task_id": "dis"
  },
  "size_t": 166,
  "size_x": 64,
  "size_y": 64,
  "size_z": 30,
  "snr": 5.188653942715925,
  "spacing_tr": 1.0,
  "spacing_x": 3.125,
  "spacing_y": 3.125,
  "spacing_z": 3.9999983310699463,
  "spikes_num": 0,
  "summary_bg_k": 21.010286075564437,
  "summary_bg_mean": 48.61153793334961,
  "summary_bg_p05": 14.397589683532715,
  "summary_bg_p95": 188.48794555664062,
  "summary_bg_stdv": 71.8360366821289,
  "summary_fg_k": 0.782081121203078,
  "summary_fg_mean": 708.051513671875,
  "summary_fg_p05": 447.3322189331054,
  "summary_fg_p95": 915.921630859375,
  "summary_fg_stdv": 140.25875854492188,
  "tsnr": 73.3328857421875
}