{
  "aor": 0.019222530120481928,
  "aqi": 0.01391202578313253,
  "dvars_nstd": 39.7453925853939,
  "dvars_std": 1.3849625170909088,
  "dvars_vstd": 1.222269257272726,
  "efc": 0.5858789196116861,
  "fber": 58.75379943847656,
  "fd_mean": 0.8418679396133334,
  "fd_num": 26,
  "fd_perc": 15.662650602409638,
  "fwhm_avg": 7.47857,
  "fwhm_x": 6.56133,
  "fwhm_y": 8.04231,
  "fwhm_z": 7.92653,
  "gcor": 0.1827031215989446,
  "gsr_x": -0.018505167216062546,
  "gsr_y": 0.05690634623169899,
  "metadata": {
    "EchoTime": 0,
    "FlipAngle": 90,
    "MRAcquisitionType": "2D",
    "MagneticFieldStrength": 3,
    "Manufacturer": "SIEMENS",
    "ManufacturerModelName": "TrioTim",
    "RepetitionTime": 2,
    "ScanOptions": "FS",
    "ScanningSequence": "EP",
    "SequenceName": "epfid2d1_64",
    "SequenceVariant": "SK",
    "SliceTiming": [
      0.0037500000050000315,
      0.5,
      -0.030000000000000027,
      0.4675,
      -0.0625,
      0.43374999999499997,
      -0.09624999999999995,
      0.401249999995,
      -0.12875000000499992,
      0.36750000001,
      -0.16250000000499998,
      0.33500000000499996,
      -0.19499999998999995,
      0.301250000005,
      -0.228749999995,
      0.26875000000500004,
      -0.2612499999950001,
      0.235,
      -0.29500000000000004,
      0.2025,
      -0.3275,
      0.168749999995,
      -0.36124999999999996,
      0.13624999999499998,
      -0.39375000000499993,
      0.10249999999499998,
      -0.427500000005,
      0.07000000000500001,
      -0.46000000000499996,
      0.036250000005000005
    ],
    "TaskName": "dis",
    "qc_type": "func",
    "run_id": "02",
    "subject_id": "31",
    "task_id": "dis"
  },
  "size_t": 166,
  "size_x": 64,
  "size_y": 64,
  "size_z": 30,
  "snr": 4.814946341320363,
  "spacing_tr": 1.0,
  "spacing_x": 3.125,
  "spacing_y": 3.125,
  "spacing_z": 4.000000953674316,
  "spikes_num": 1,
  "summary_bg_k": 20.113466909451688,
  "summary_bg_mean": 68.06982421875,
  "summary_bg_p05": 18.68674659729004,
  "summary_bg_p95": 250.12830200195296,
  "summary_bg_stdv": 89.10355377197266,
  "summary_fg_k": 0.6787136663204283,
  "summary_fg_mean": 840.6852416992188,
  "summary_fg_p05": 514.4578247070312,
  "summary_fg_p95": 1119.367431640625,
  "summary_fg_stdv": 178.7642059326172,
  "tsnr": 40.21446228027344
}