{
  "aor": 0.0008530722891566266,
  "aqi": 0.0049471491566265065,
  "dvars_nstd": 18.385981120606058,
  "dvars_std": 1.1494984658787881,
  "dvars_vstd": 1.0047564095757577,
  "efc": 0.5823375085081641,
  "fber": 66.90581512451172,
  "fd_mean": 0.188825873289697,
  "fd_num": 0,
  "fd_perc": 0.0,
  "fwhm_avg": 6.58715,
  "fwhm_x": 5.8331,
  "fwhm_y": 6.88686,
  "fwhm_z": 7.11494,
  "gcor": 0.019104562610028738,
  "gsr_x": -0.0017256945138797164,
  "gsr_y": 0.05735864117741585,
  "metadata": {
    "EchoTime": 0,
    "FlipAngle": 90,
    "MRAcquisitionType": "2D",
    "MagneticFieldStrength": 3,
    "Manufacturer": "SIEMENS",
    "ManufacturerModelName": "TrioTim",
    "RepetitionTime": 2,
    "ScanOptions": "FS",
    "ScanningSequence": "EP",
    "SequenceName": "epfid2d1_64",
    "SequenceVariant": "SK",
    "SliceTiming": [
      0.0037500000050000315,
      0.5,
      -0.030000000000000027,
      0.4675,
      -0.0625,
      0.43374999999499997,
      -0.09624999999999995,
      0.401249999995,
      -0.12875000000499992,
      0.367499999995,
      -0.16250000000499998,
      0.33499999998999996,
      -0.19500000000499995,
      0.301250000005,
      -0.228749999995,
      0.26875000000500004,
      -0.2612499999950001,
      0.235,
      -0.29500000000000004,
      0.2025,
      -0.3275,
      0.168749999995,
      -0.36124999999999996,
      0.13624999999499998,
      -0.39375000000499993,
      0.10249999999499998,
      -0.427500000005,
      0.06999999999,
      -0.46000000000499996,
      0.036250000005000005
    ],
    "TaskName": "dis",
    "qc_type": "func",
    "run_id": "02",
    "subject_id": "03",
    "task_id": "dis"
  },
  "size_t": 166,
  "size_x": 64,
  "size_y": 64,
  "size_z": 30,
  "snr": 5.284708893049683,
  "spacing_tr": 1.0,
  "spacing_x": 3.125,
  "spacing_y": 3.125,
  "spacing_z": 4.000001430511475,
  "spikes_num": 0,
  "summary_bg_k": 19.289120560844733,
  "summary_bg_mean": 56.06803894042969,
  "summary_bg_p05": 15.58433723449707,
  "summary_bg_p95": 212.08674011230465,
  "summary_bg_stdv": 77.03722381591797,
  "summary_fg_k": 0.9656730903369715,
  "summary_fg_mean": 765.2810668945312,
  "summary_fg_p05": 491.9415405273437,
  "summary_fg_p95": 989.2752868652344,
  "summary_fg_stdv": 147.44398498535156,
  "tsnr": 82.89107513427734
}