{
  "aor": 0.0010877710843373494,
  "aqi": 0.0034765390963855413,
  "dvars_nstd": 14.042708755575763,
  "dvars_std": 1.1117149886060607,
  "dvars_vstd": 1.0054696972727282,
  "efc": 0.5282286050820765,
  "fber": 85.82327270507812,
  "fd_mean": 0.13562758009333334,
  "fd_num": 1,
  "fd_perc": 0.6024096385542169,
  "fwhm_avg": 6.81692,
  "fwhm_x": 6.08464,
  "fwhm_y": 7.03768,
  "fwhm_z": 7.39775,
  "gcor": 0.02063526590186429,
  "gsr_x": -0.0012537443544715643,
  "gsr_y": 0.03636791557073593,
  "metadata": {
    "EchoTime": 0,
    "FlipAngle": 90,
    "MRAcquisitionType": "2D",
    "MagneticFieldStrength": 3,
    "Manufacturer": "SIEMENS",
    "ManufacturerModelName": "TrioTim",
    "RepetitionTime": 2,
    "ScanOptions": "FS",
    "ScanningSequence": "EP",
    "SequenceName": "epfid2d1_64",
    "SequenceVariant": "SK",
    "SliceTiming": [
      0.0037500000050000315,
      0.5,
      -0.030000000000000027,
      0.4675,
      -0.0625,
      0.43374999999499997,
      -0.09624999999999995,
      0.401249999995,
      -0.12875000000499992,
      0.367499999995,
      -0.16250000000499998,
      0.33499999998999996,
      -0.19500000000499995,
      0.30124999999,
      -0.22875000001,
      0.26875000000500004,
      -0.26125000001,
      0.235,
      -0.29500000000000004,
      0.2025,
      -0.3275,
      0.168749999995,
      -0.36124999999999996,
      0.13624999999499998,
      -0.39375000000499993,
      0.10249999999499998,
      -0.427500000005,
      0.06999999999,
      -0.46000000000499996,
      0.036249999990000004
    ],
    "TaskName": "dis",
    "qc_type": "func",
    "run_id": "06",
    "subject_id": "07",
    "task_id": "dis"
  },
  "size_t": 166,
  "size_x": 64,
  "size_y": 64,
  "size_z": 30,
  "snr": 5.299260469047209,
  "spacing_tr": 1.0,
  "spacing_x": 3.125,
  "spacing_y": 3.125,
  "spacing_z": 3.999999761581421,
  "spikes_num": 0,
  "summary_bg_k": 22.249160648800864,
  "summary_bg_mean": 45.5599365234375,
  "summary_bg_p05": 14.349396705627441,
  "summary_bg_p95": 173.14999465942378,
  "summary_bg_stdv": 67.70091247558594,
  "summary_fg_k": 0.9115422131128881,
  "summary_fg_mean": 742.0929565429688,
  "summary_fg_p05": 462.8505844116211,
  "summary_fg_p95": 951.4252777099608,
  "summary_fg_stdv": 144.241943359375,
  "tsnr": 91.99729919433594
}