{
  "aor": 0.00463144578313253,
  "aqi": 0.005598783614457832,
  "dvars_nstd": 19.958336454727267,
  "dvars_std": 1.1685416226666667,
  "dvars_vstd": 1.0231466634545452,
  "efc": 0.5587977538357946,
  "fber": 69.90633392333984,
  "fd_mean": 0.3917943311006061,
  "fd_num": 9,
  "fd_perc": 5.421686746987952,
  "fwhm_avg": 6.85021,
  "fwhm_x": 6.0544,
  "fwhm_y": 7.01334,
  "fwhm_z": 7.57034,
  "gcor": 0.036162453961659624,
  "gsr_x": -0.006275448948144913,
  "gsr_y": 0.03370611369609833,
  "metadata": {
    "EchoTime": 0,
    "FlipAngle": 90,
    "MRAcquisitionType": "2D",
    "MagneticFieldStrength": 3,
    "Manufacturer": "SIEMENS",
    "ManufacturerModelName": "TrioTim",
    "RepetitionTime": 2,
    "ScanOptions": "FS",
    "ScanningSequence": "EP",
    "SequenceName": "epfid2d1_64",
    "SequenceVariant": "SK",
    "SliceTiming": [
      0.0037500000050000315,
      0.5,
      -0.030000000000000027,
      0.4675,
      -0.0625,
      0.43374999999499997,
      -0.09624999999999995,
      0.40125000001,
      -0.12875000000499992,
      0.36750000001,
      -0.16249999998999998,
      0.33500000000499996,
      -0.19499999998999995,
      0.301250000005,
      -0.228749999995,
      0.26875000000500004,
      -0.2612499999950001,
      0.235,
      -0.29500000000000004,
      0.2025,
      -0.3275,
      0.168749999995,
      -0.36124999999999996,
      0.13624999999499998,
      -0.39375000000499993,
      0.10250000000999998,
      -0.42749999999,
      0.07000000000500001,
      -0.45999999998999996,
      0.036250000005000005
    ],
    "TaskName": "dis",
    "qc_type": "func",
    "run_id": "04",
    "subject_id": "09",
    "task_id": "dis"
  },
  "size_t": 166,
  "size_x": 64,
  "size_y": 64,
  "size_z": 30,
  "snr": 5.172016044609287,
  "spacing_tr": 1.0,
  "spacing_x": 3.125,
  "spacing_y": 3.125,
  "spacing_z": 3.9999983310699463,
  "spikes_num": 0,
  "summary_bg_k": 20.551536564042138,
  "summary_bg_mean": 48.524383544921875,
  "summary_bg_p05": 14.463854789733887,
  "summary_bg_p95": 187.56866302490215,
  "summary_bg_stdv": 71.14948272705078,
  "summary_fg_k": 0.8512687669480288,
  "summary_fg_mean": 706.2403564453125,
  "summary_fg_p05": 444.8252868652344,
  "summary_fg_p95": 913.385498046875,
  "summary_fg_stdv": 140.39358520507812,
  "tsnr": 72.8800048828125
}