{
  "aor": 0.0013400000000000003,
  "aqi": 0.006117315120481928,
  "dvars_nstd": 22.0427578899394,
  "dvars_std": 1.1471871949090908,
  "dvars_vstd": 0.998857582424243,
  "efc": 0.5653544962111855,
  "fber": 66.10237884521484,
  "fd_mean": 0.33015078558303035,
  "fd_num": 2,
  "fd_perc": 1.2048192771084338,
  "fwhm_avg": 7.10089,
  "fwhm_x": 6.27271,
  "fwhm_y": 7.47346,
  "fwhm_z": 7.63769,
  "gcor": 0.02263470442898302,
  "gsr_x": -0.004664043430238962,
  "gsr_y": 0.06242666393518448,
  "metadata": {
    "EchoTime": 0,
    "FlipAngle": 90,
    "MRAcquisitionType": "2D",
    "MagneticFieldStrength": 3,
    "Manufacturer": "SIEMENS",
    "ManufacturerModelName": "TrioTim",
    "RepetitionTime": 2,
    "ScanOptions": "FS",
    "ScanningSequence": "EP",
    "SequenceName": "epfid2d1_64",
    "SequenceVariant": "SK",
    "SliceTiming": [
      0.0037500000050000315,
      0.5,
      -0.030000000000000027,
      0.467500000005,
      -0.0625,
      0.43375000000499997,
      -0.09624999999500006,
      0.401250000005,
      -0.12874999999500003,
      0.3675,
      -0.16249999999999998,
      0.33500000000499996,
      -0.19499999999999995,
      0.301250000005,
      -0.228749999995,
      0.26875000000500004,
      -0.2612499999950001,
      0.235,
      -0.29500000000000004,
      0.2025,
      -0.3275,
      0.168750000005,
      -0.36124999999500007,
      0.13625000000499998,
      -0.39374999999500004,
      0.10249999999999998,
      -0.4275,
      0.07,
      -0.45999999999999996,
      0.036250000005000005
    ],
    "TaskName": "dis",
    "qc_type": "func",
    "run_id": "06",
    "subject_id": "24",
    "task_id": "dis"
  },
  "size_t": 166,
  "size_x": 64,
  "size_y": 64,
  "size_z": 30,
  "snr": 4.809761172135711,
  "spacing_tr": 1.0,
  "spacing_x": 3.125,
  "spacing_y": 3.125,
  "spacing_z": 4.000001430511475,
  "spikes_num": 0,
  "summary_bg_k": 16.499698221627593,
  "summary_bg_mean": 56.65654373168945,
  "summary_bg_p05": 16.216867446899414,
  "summary_bg_p95": 232.73131103515587,
  "summary_bg_stdv": 79.69544982910156,
  "summary_fg_k": 0.8685171674186241,
  "summary_fg_mean": 777.5836181640625,
  "summary_fg_p05": 470.43552856445314,
  "summary_fg_p95": 1029.065002441406,
  "summary_fg_stdv": 165.5006103515625,
  "tsnr": 71.42501831054688
}