{
  "aor": 0.0015451204819277107,
  "aqi": 0.005208344698795181,
  "dvars_nstd": 17.371344525818184,
  "dvars_std": 1.1412803070909088,
  "dvars_vstd": 1.006945854787879,
  "efc": 0.5646725892988055,
  "fber": 55.373897552490234,
  "fd_mean": 0.24782016516060604,
  "fd_num": 0,
  "fd_perc": 0.0,
  "fwhm_avg": 6.65114,
  "fwhm_x": 5.94731,
  "fwhm_y": 6.78759,
  "fwhm_z": 7.28872,
  "gcor": 0.0656111384012613,
  "gsr_x": -0.006220013368874788,
  "gsr_y": 0.04449916630983353,
  "metadata": {
    "EchoTime": 0,
    "FlipAngle": 90,
    "MRAcquisitionType": "2D",
    "MagneticFieldStrength": 3,
    "Manufacturer": "SIEMENS",
    "ManufacturerModelName": "TrioTim",
    "RepetitionTime": 2,
    "ScanOptions": "FS",
    "ScanningSequence": "EP",
    "SequenceName": "epfid2d1_64",
    "SequenceVariant": "SK",
    "SliceTiming": [
      0.0037500000050000315,
      0.5,
      -0.030000000000000027,
      0.4675,
      -0.0625,
      0.43375000000499997,
      -0.09624999999999995,
      0.401250000005,
      -0.12874999999500003,
      0.3675,
      -0.16249999999999998,
      0.33499999999999996,
      -0.19499999999999995,
      0.301250000005,
      -0.22875,
      0.26875000000500004,
      -0.2612499999950001,
      0.235,
      -0.29500000000000004,
      0.2025,
      -0.3275,
      0.168750000005,
      -0.36124999999999996,
      0.13625000000499998,
      -0.39374999999500004,
      0.10249999999999998,
      -0.4275,
      0.07,
      -0.45999999999999996,
      0.036249999995000004
    ],
    "TaskName": "dis",
    "qc_type": "func",
    "run_id": "02",
    "subject_id": "11",
    "task_id": "dis"
  },
  "size_t": 166,
  "size_x": 64,
  "size_y": 64,
  "size_z": 30,
  "snr": 5.031959956255102,
  "spacing_tr": 1.0,
  "spacing_x": 3.125,
  "spacing_y": 3.125,
  "spacing_z": 4.000000476837158,
  "spikes_num": 0,
  "summary_bg_k": 29.583443776122103,
  "summary_bg_mean": 55.91033935546875,
  "summary_bg_p05": 14.807228088378906,
  "summary_bg_p95": 222.14095916748062,
  "summary_bg_stdv": 88.5536880493164,
  "summary_fg_k": 1.2202798754265096,
  "summary_fg_mean": 763.91845703125,
  "summary_fg_p05": 490.5987716674805,
  "summary_fg_p95": 1004.1517791748047,
  "summary_fg_stdv": 154.12322998046875,
  "tsnr": 78.17761993408203
}