{
  "aor": 0.004865636363636364,
  "aqi": 0.0062030344242424255,
  "dvars_nstd": 21.158594730792682,
  "dvars_std": 1.1764003117682924,
  "dvars_vstd": 1.0225851139024391,
  "efc": 0.6250661022998842,
  "fber": 44.47452163696289,
  "fd_mean": 0.27476330843292684,
  "fd_num": 4,
  "fd_perc": 2.4242424242424243,
  "fwhm_avg": 6.78,
  "fwhm_x": 5.96576,
  "fwhm_y": 6.96825,
  "fwhm_z": 7.4972,
  "gcor": 0.06519369645552202,
  "gsr_x": 2.502339839338674e-06,
  "gsr_y": 0.06647319346666336,
  "metadata": {
    "EchoTime": 0,
    "FlipAngle": 90,
    "MRAcquisitionType": "2D",
    "MagneticFieldStrength": 3,
    "Manufacturer": "SIEMENS",
    "ManufacturerModelName": "TrioTim",
    "RepetitionTime": 2,
    "ScanOptions": "FS",
    "ScanningSequence": "EP",
    "SequenceName": "epfid2d1_64",
    "SequenceVariant": "SK",
    "SliceTiming": [
      0.0025000000000000022,
      0.5,
      -0.030000000000000027,
      0.46625,
      -0.06374999999999997,
      0.43374999999499997,
      -0.09624999999999995,
      0.399999999995,
      -0.1300000000049999,
      0.36750000001,
      -0.16250000000499998,
      0.333750000005,
      -0.19624999999500004,
      0.301250000005,
      -0.228749999995,
      0.26749999999999996,
      -0.26249999999500007,
      0.235,
      -0.29500000000000004,
      0.20124999999999998,
      -0.32875,
      0.168749999995,
      -0.36124999999999996,
      0.134999999995,
      -0.3950000000049999,
      0.10250000000999998,
      -0.427500000005,
      0.06875000000499998,
      -0.46124999999500005,
      0.036250000005000005
    ],
    "TaskName": "dis",
    "qc_type": "func",
    "run_id": "01",
    "subject_id": "08",
    "task_id": "dis"
  },
  "size_t": 165,
  "size_x": 64,
  "size_y": 64,
  "size_z": 30,
  "snr": 5.258925522019583,
  "spacing_tr": 1.0,
  "spacing_x": 3.125,
  "spacing_y": 3.125,
  "spacing_z": 3.999999523162842,
  "spikes_num": 0,
  "summary_bg_k": 8.926827269424336,
  "summary_bg_mean": 71.78670501708984,
  "summary_bg_p05": 16.327272415161133,
  "summary_bg_p95": 283.2472625732421,
  "summary_bg_stdv": 96.51799011230469,
  "summary_fg_k": 0.9005225402774215,
  "summary_fg_mean": 787.5528564453125,
  "summary_fg_p05": 507.15453338623047,
  "summary_fg_p95": 1023.2802764892579,
  "summary_fg_stdv": 152.52757263183594,
  "tsnr": 68.98544311523438
}