{
  "aor": 0.000762590361445783,
  "aqi": 0.003674650602409639,
  "dvars_nstd": 19.75833948872727,
  "dvars_std": 1.1209473740000002,
  "dvars_vstd": 0.9969206175757575,
  "efc": 0.5627240376223018,
  "fber": 60.32038497924805,
  "fd_mean": 0.27842283158909087,
  "fd_num": 0,
  "fd_perc": 0.0,
  "fwhm_avg": 6.69868,
  "fwhm_x": 5.83009,
  "fwhm_y": 7.16279,
  "fwhm_z": 7.19798,
  "gcor": 0.04013138219534633,
  "gsr_x": 0.005292815156280994,
  "gsr_y": 0.04855142533779144,
  "metadata": {
    "EchoTime": 0,
    "FlipAngle": 90,
    "MRAcquisitionType": "2D",
    "MagneticFieldStrength": 3,
    "Manufacturer": "SIEMENS",
    "ManufacturerModelName": "TrioTim",
    "RepetitionTime": 2,
    "ScanOptions": "FS",
    "ScanningSequence": "EP",
    "SequenceName": "epfid2d1_64",
    "SequenceVariant": "SK",
    "SliceTiming": [
      0.0037500000050000315,
      0.5,
      -0.030000000000000027,
      0.46750000001500003,
      -0.0625,
      0.43375000000999997,
      -0.09624999998999995,
      0.40125000001,
      -0.12874999999000003,
      0.36750000001,
      -0.16249999998999998,
      0.33500000000499996,
      -0.19499999998999995,
      0.301250000005,
      -0.228749999995,
      0.26875000000500004,
      -0.2612499999950001,
      0.235,
      -0.29500000000000004,
      0.2025,
      -0.3275,
      0.16875000001,
      -0.36124999998500007,
      0.13625000000999998,
      -0.39374999999000004,
      0.10250000000999998,
      -0.42749999999,
      0.07000000000500001,
      -0.45999999998999996,
      0.036250000005000005
    ],
    "TaskName": "dis",
    "qc_type": "func",
    "run_id": "03",
    "subject_id": "15",
    "task_id": "dis"
  },
  "size_t": 166,
  "size_x": 64,
  "size_y": 64,
  "size_z": 30,
  "snr": 5.209770883012094,
  "spacing_tr": 1.0,
  "spacing_x": 3.125,
  "spacing_y": 3.125,
  "spacing_z": 4.000000476837158,
  "spikes_num": 0,
  "summary_bg_k": 14.054299833104931,
  "summary_bg_mean": 62.4059944152832,
  "summary_bg_p05": 16.704818725585938,
  "summary_bg_p95": 258.34244995117183,
  "summary_bg_stdv": 89.46710205078125,
  "summary_fg_k": 1.0731367364286442,
  "summary_fg_mean": 830.9464111328125,
  "summary_fg_p05": 508.4457641601563,
  "summary_fg_p95": 1065.8240722656249,
  "summary_fg_stdv": 165.14466857910156,
  "tsnr": 84.36970520019531
}