{
  "aor": 0.012118192771084335,
  "aqi": 0.00654418451807229,
  "dvars_nstd": 22.127867253696976,
  "dvars_std": 1.243574405454545,
  "dvars_vstd": 1.0947396707272716,
  "efc": 0.5398226272192258,
  "fber": 74.2918930053711,
  "fd_mean": 0.2738529549832727,
  "fd_num": 7,
  "fd_perc": 4.216867469879518,
  "fwhm_avg": 6.98108,
  "fwhm_x": 6.19212,
  "fwhm_y": 7.20507,
  "fwhm_z": 7.62589,
  "gcor": 0.09951852315879729,
  "gsr_x": -0.013979154638946056,
  "gsr_y": 0.039596568793058395,
  "metadata": {
    "EchoTime": 0,
    "FlipAngle": 90,
    "MRAcquisitionType": "2D",
    "MagneticFieldStrength": 3,
    "Manufacturer": "SIEMENS",
    "ManufacturerModelName": "TrioTim",
    "RepetitionTime": 2,
    "ScanOptions": "FS",
    "ScanningSequence": "EP",
    "SequenceName": "epfid2d1_64",
    "SequenceVariant": "SK",
    "SliceTiming": [
      0.0025000000000000022,
      0.5,
      -0.030000000000000027,
      0.46625,
      -0.06374999999999997,
      0.43374999999499997,
      -0.09624999999999995,
      0.399999999995,
      -0.1300000000049999,
      0.367499999995,
      -0.16250000000499998,
      0.33374999999,
      -0.19625000001000004,
      0.30124999999,
      -0.22875000001,
      0.26749999999999996,
      -0.26249999999500007,
      0.235,
      -0.29500000000000004,
      0.20124999999999998,
      -0.32875,
      0.168749999995,
      -0.36124999999999996,
      0.134999999995,
      -0.3950000000049999,
      0.10249999999499998,
      -0.427500000005,
      0.06874999998999998,
      -0.46125000001000005,
      0.036249999990000004
    ],
    "TaskName": "dis",
    "qc_type": "func",
    "run_id": "04",
    "subject_id": "22",
    "task_id": "dis"
  },
  "size_t": 166,
  "size_x": 64,
  "size_y": 64,
  "size_z": 30,
  "snr": 5.250028689916795,
  "spacing_tr": 1.0,
  "spacing_x": 3.125,
  "spacing_y": 3.125,
  "spacing_z": 4.000002384185791,
  "spikes_num": 0,
  "summary_bg_k": 29.645626298332537,
  "summary_bg_mean": 56.35814666748047,
  "summary_bg_p05": 15.861445426940918,
  "summary_bg_p95": 216.71083068847656,
  "summary_bg_stdv": 84.12100982666016,
  "summary_fg_k": 0.7656479085274643,
  "summary_fg_mean": 856.576904296875,
  "summary_fg_p05": 535.6518096923828,
  "summary_fg_p95": 1106.3930297851562,
  "summary_fg_stdv": 167.21258544921875,
  "tsnr": 66.16696166992188
}