{
  "aor": 0.008985602409638553,
  "aqi": 0.007339887590361445,
  "dvars_nstd": 21.93328478848484,
  "dvars_std": 1.240468007454545,
  "dvars_vstd": 1.0898216601212116,
  "efc": 0.558764056675317,
  "fber": 69.71326446533203,
  "fd_mean": 0.47328851651636356,
  "fd_num": 12,
  "fd_perc": 7.228915662650603,
  "fwhm_avg": 6.8764,
  "fwhm_x": 6.1101,
  "fwhm_y": 7.0696,
  "fwhm_z": 7.52732,
  "gcor": 0.13370466806802406,
  "gsr_x": -0.0070601822808384895,
  "gsr_y": 0.03468666970729828,
  "metadata": {
    "EchoTime": 0,
    "FlipAngle": 90,
    "MRAcquisitionType": "2D",
    "MagneticFieldStrength": 3,
    "Manufacturer": "SIEMENS",
    "ManufacturerModelName": "TrioTim",
    "RepetitionTime": 2,
    "ScanOptions": "FS",
    "ScanningSequence": "EP",
    "SequenceName": "epfid2d1_64",
    "SequenceVariant": "SK",
    "SliceTiming": [
      0.0025000000000000022,
      0.5,
      -0.030000000000000027,
      0.46625000001,
      -0.06374999999999997,
      0.43375000000999997,
      -0.09624999998999995,
      0.40000000001,
      -0.12999999999,
      0.36750000001,
      -0.16249999998999998,
      0.333750000005,
      -0.19624999999500004,
      0.301250000005,
      -0.228749999995,
      0.26749999999999996,
      -0.26249999999500007,
      0.235,
      -0.29500000000000004,
      0.20124999999999998,
      -0.32875,
      0.16875000001,
      -0.36124999999999996,
      0.13500000001,
      -0.39499999999,
      0.10250000000999998,
      -0.42749999999,
      0.06875000000499998,
      -0.46124999999500005,
      0.036250000005000005
    ],
    "TaskName": "dis",
    "qc_type": "func",
    "run_id": "02",
    "subject_id": "09",
    "task_id": "dis"
  },
  "size_t": 166,
  "size_x": 64,
  "size_y": 64,
  "size_z": 30,
  "snr": 5.203228871411328,
  "spacing_tr": 1.0,
  "spacing_x": 3.125,
  "spacing_y": 3.125,
  "spacing_z": 3.9999983310699463,
  "spikes_num": 0,
  "summary_bg_k": 21.45436000560466,
  "summary_bg_mean": 48.575050354003906,
  "summary_bg_p05": 14.481926918029785,
  "summary_bg_p95": 187.77860870361303,
  "summary_bg_stdv": 71.33971405029297,
  "summary_fg_k": 0.8009767988323544,
  "summary_fg_mean": 706.930419921875,
  "summary_fg_p05": 444.6686553955078,
  "summary_fg_p95": 912.6264801025391,
  "summary_fg_stdv": 139.7708740234375,
  "tsnr": 62.00800323486328
}