{
  "aor": 0.0006086746987951807,
  "aqi": 0.0037949122891566267,
  "dvars_nstd": 21.314904814060615,
  "dvars_std": 1.1424925079393937,
  "dvars_vstd": 0.9930725927272724,
  "efc": 0.5755382892108183,
  "fber": 55.9974250793457,
  "fd_mean": 0.2930592303078788,
  "fd_num": 0,
  "fd_perc": 0.0,
  "fwhm_avg": 6.76483,
  "fwhm_x": 5.88528,
  "fwhm_y": 7.13015,
  "fwhm_z": 7.37742,
  "gcor": 0.03501420997711549,
  "gsr_x": -0.004914424382150173,
  "gsr_y": 0.04850996285676956,
  "metadata": {
    "EchoTime": 0,
    "FlipAngle": 90,
    "MRAcquisitionType": "2D",
    "MagneticFieldStrength": 3,
    "Manufacturer": "SIEMENS",
    "ManufacturerModelName": "TrioTim",
    "RepetitionTime": 2,
    "ScanOptions": "FS",
    "ScanningSequence": "EP",
    "SequenceName": "epfid2d1_64",
    "SequenceVariant": "SK",
    "SliceTiming": [
      0.0025000000000000022,
      0.5,
      -0.030000000000000027,
      0.46625,
      -0.06374999999999997,
      0.43374999999499997,
      -0.09624999999999995,
      0.40000000001,
      -0.1300000000049999,
      0.36750000001,
      -0.16249999998999998,
      0.333750000005,
      -0.19624999999500004,
      0.301250000005,
      -0.228749999995,
      0.26749999999999996,
      -0.26249999999500007,
      0.235,
      -0.29500000000000004,
      0.20124999999999998,
      -0.32875,
      0.168749999995,
      -0.36124999999999996,
      0.13500000001,
      -0.3950000000049999,
      0.10250000000999998,
      -0.42749999999,
      0.06875000000499998,
      -0.46124999999500005,
      0.036250000005000005
    ],
    "TaskName": "dis",
    "qc_type": "func",
    "run_id": "01",
    "subject_id": "38",
    "task_id": "dis"
  },
  "size_t": 166,
  "size_x": 64,
  "size_y": 64,
  "size_z": 30,
  "snr": 5.1215129231614345,
  "spacing_tr": 1.0,
  "spacing_x": 3.125,
  "spacing_y": 3.125,
  "spacing_z": 4.000000953674316,
  "spikes_num": 0,
  "summary_bg_k": 17.783931984141702,
  "summary_bg_mean": 62.51129913330078,
  "summary_bg_p05": 16.596384048461914,
  "summary_bg_p95": 250.36444854736328,
  "summary_bg_stdv": 90.9393539428711,
  "summary_fg_k": 0.8585154988218116,
  "summary_fg_mean": 809.7874145507812,
  "summary_fg_p05": 501.9596176147461,
  "summary_fg_p95": 1057.5363525390626,
  "summary_fg_stdv": 161.74127197265625,
  "tsnr": 84.41267395019531
}