{
  "aor": 0.003060240963855422,
  "aqi": 0.0039367866867469885,
  "dvars_nstd": 18.230546286727282,
  "dvars_std": 1.1849931043636364,
  "dvars_vstd": 1.0180045280000003,
  "efc": 0.5387921003009175,
  "fber": 72.84378051757812,
  "fd_mean": 0.12748452809030303,
  "fd_num": 2,
  "fd_perc": 1.2048192771084338,
  "fwhm_avg": 6.91375,
  "fwhm_x": 6.20923,
  "fwhm_y": 7.10267,
  "fwhm_z": 7.49346,
  "gcor": 0.0295724696423634,
  "gsr_x": -0.0137552535161376,
  "gsr_y": 0.038732316344976425,
  "metadata": {
    "EchoTime": 0,
    "FlipAngle": 90,
    "MRAcquisitionType": "2D",
    "MagneticFieldStrength": 3,
    "Manufacturer": "SIEMENS",
    "ManufacturerModelName": "TrioTim",
    "RepetitionTime": 2,
    "ScanOptions": "FS",
    "ScanningSequence": "EP",
    "SequenceName": "epfid2d1_64",
    "SequenceVariant": "SK",
    "SliceTiming": [
      0.0037500000050000315,
      0.5,
      -0.030000000000000027,
      0.4675,
      -0.0625,
      0.43374999999499997,
      -0.09624999999999995,
      0.40125000001,
      -0.12875000000499992,
      0.36750000001,
      -0.16249999998999998,
      0.33500000000499996,
      -0.19499999998999995,
      0.301250000005,
      -0.228749999995,
      0.26875000000500004,
      -0.2612499999950001,
      0.235,
      -0.29500000000000004,
      0.2025,
      -0.3275,
      0.168749999995,
      -0.36124999999999996,
      0.13624999999499998,
      -0.39375000000499993,
      0.10250000000999998,
      -0.42749999999,
      0.07000000000500001,
      -0.45999999998999996,
      0.036250000005000005
    ],
    "TaskName": "dis",
    "qc_type": "func",
    "run_id": "03",
    "subject_id": "22",
    "task_id": "dis"
  },
  "size_t": 166,
  "size_x": 64,
  "size_y": 64,
  "size_z": 30,
  "snr": 5.169934651454704,
  "spacing_tr": 1.0,
  "spacing_x": 3.125,
  "spacing_y": 3.125,
  "spacing_z": 4.000002384185791,
  "spikes_num": 0,
  "summary_bg_k": 29.31968233988082,
  "summary_bg_mean": 56.1405029296875,
  "summary_bg_p05": 15.716866493225098,
  "summary_bg_p95": 217.5361419677733,
  "summary_bg_stdv": 85.34487915039062,
  "summary_fg_k": 0.8770518833704726,
  "summary_fg_mean": 855.143310546875,
  "summary_fg_p05": 528.4060119628906,
  "summary_fg_p95": 1108.7752563476558,
  "summary_fg_stdv": 169.97531127929688,
  "tsnr": 86.74639129638672
}