{
  "aor": 0.0013186144578313252,
  "aqi": 0.0034718761445783133,
  "dvars_nstd": 22.502504562363644,
  "dvars_std": 1.1906182234545455,
  "dvars_vstd": 1.0084320641212123,
  "efc": 0.5738984201648621,
  "fber": 63.37057113647461,
  "fd_mean": 0.20574165156969695,
  "fd_num": 1,
  "fd_perc": 0.6024096385542169,
  "fwhm_avg": 7.69659,
  "fwhm_x": 6.76972,
  "fwhm_y": 8.04199,
  "fwhm_z": 8.37455,
  "gcor": 0.010589032288057259,
  "gsr_x": -0.021900754421949387,
  "gsr_y": 0.048860110342502594,
  "metadata": {
    "EchoTime": 0,
    "FlipAngle": 90,
    "MRAcquisitionType": "2D",
    "MagneticFieldStrength": 3,
    "Manufacturer": "SIEMENS",
    "ManufacturerModelName": "TrioTim",
    "RepetitionTime": 2,
    "ScanOptions": "FS",
    "ScanningSequence": "EP",
    "SequenceName": "epfid2d1_64",
    "SequenceVariant": "SK",
    "SliceTiming": [
      0.0025000000000000022,
      0.5,
      -0.030000000000000027,
      0.46625,
      -0.06374999999999997,
      0.43374999999499997,
      -0.09624999999999995,
      0.399999999995,
      -0.1300000000049999,
      0.367499999995,
      -0.16250000000499998,
      0.33374999999,
      -0.19625000001000004,
      0.301250000005,
      -0.22875000001,
      0.26749999999999996,
      -0.26249999999500007,
      0.235,
      -0.29500000000000004,
      0.20124999999999998,
      -0.32875,
      0.168749999995,
      -0.36124999999999996,
      0.134999999995,
      -0.3950000000049999,
      0.10249999999499998,
      -0.427500000005,
      0.06874999998999998,
      -0.46125000001000005,
      0.036250000005000005
    ],
    "TaskName": "dis",
    "qc_type": "func",
    "run_id": "05",
    "subject_id": "16",
    "task_id": "dis"
  },
  "size_t": 166,
  "size_x": 64,
  "size_y": 64,
  "size_z": 30,
  "snr": 4.62518138268302,
  "spacing_tr": 1.0,
  "spacing_x": 3.125,
  "spacing_y": 3.125,
  "spacing_z": 3.9999985694885254,
  "spikes_num": 0,
  "summary_bg_k": 11.7187734431796,
  "summary_bg_mean": 69.87531280517578,
  "summary_bg_p05": 17.807228088378906,
  "summary_bg_p95": 289.7138442993164,
  "summary_bg_stdv": 97.19010925292969,
  "summary_fg_k": 0.5935334358489448,
  "summary_fg_mean": 930.8170166015625,
  "summary_fg_p05": 580.3572174072266,
  "summary_fg_p95": 1258.9674682617188,
  "summary_fg_stdv": 203.920166015625,
  "tsnr": 80.08821105957031
}