{
  "aor": 0.0031351807228915656,
  "aqi": 0.007902581626506025,
  "dvars_nstd": 40.16910039727273,
  "dvars_std": 1.2926581931515149,
  "dvars_vstd": 1.0203735280606065,
  "efc": 0.5922417398801313,
  "fber": 68.34539794921875,
  "fd_mean": 0.5420031230621212,
  "fd_num": 11,
  "fd_perc": 6.626506024096385,
  "fwhm_avg": 7.06006,
  "fwhm_x": 6.18253,
  "fwhm_y": 7.38582,
  "fwhm_z": 7.70657,
  "gcor": 0.12665724467082196,
  "gsr_x": -0.017580527812242508,
  "gsr_y": 0.0631813034415245,
  "metadata": {
    "EchoTime": 0,
    "FlipAngle": 90,
    "MRAcquisitionType": "2D",
    "MagneticFieldStrength": 3,
    "Manufacturer": "SIEMENS",
    "ManufacturerModelName": "TrioTim",
    "RepetitionTime": 2,
    "ScanOptions": "FS",
    "ScanningSequence": "EP",
    "SequenceName": "epfid2d1_64",
    "SequenceVariant": "SK",
    "SliceTiming": [
      0.0037500000050000315,
      0.5,
      -0.030000000000000027,
      0.46750000001500003,
      -0.0625,
      0.43375000000999997,
      -0.09624999998999995,
      0.40125000001,
      -0.12874999999000003,
      0.36750000001,
      -0.16249999998999998,
      0.33500000000499996,
      -0.19499999998999995,
      0.301250000005,
      -0.228749999995,
      0.26875000000500004,
      -0.2612499999950001,
      0.235,
      -0.29500000000000004,
      0.20250000001500001,
      -0.3275,
      0.16875000001,
      -0.36124999998500007,
      0.13625000000999998,
      -0.39374999999000004,
      0.10250000000999998,
      -0.42749999999,
      0.07000000000500001,
      -0.45999999998999996,
      0.036250000005000005
    ],
    "TaskName": "dis",
    "qc_type": "func",
    "run_id": "04",
    "subject_id": "39",
    "task_id": "dis"
  },
  "size_t": 166,
  "size_x": 64,
  "size_y": 64,
  "size_z": 30,
  "snr": 4.748266154186393,
  "spacing_tr": 1.0,
  "spacing_x": 3.125,
  "spacing_y": 3.125,
  "spacing_z": 3.999999761581421,
  "spikes_num": 0,
  "summary_bg_k": 14.182272369942705,
  "summary_bg_mean": 66.5743637084961,
  "summary_bg_p05": 18.451807022094727,
  "summary_bg_p95": 253.07951354980457,
  "summary_bg_stdv": 87.78395080566406,
  "summary_fg_k": 1.3300827645847066,
  "summary_fg_mean": 891.22998046875,
  "summary_fg_p05": 577.8614501953125,
  "summary_fg_p95": 1213.885498046875,
  "summary_fg_stdv": 187.8750457763672,
  "tsnr": 60.52826690673828
}