{
  "aor": 0.0005857831325301204,
  "aqi": 0.0037207048795180717,
  "dvars_nstd": 21.110720131393936,
  "dvars_std": 1.2241824997575752,
  "dvars_vstd": 0.9987189165454543,
  "efc": 0.561515218849615,
  "fber": 59.8216438293457,
  "fd_mean": 0.17536420535151515,
  "fd_num": 0,
  "fd_perc": 0.0,
  "fwhm_avg": 6.59343,
  "fwhm_x": 5.94457,
  "fwhm_y": 6.77741,
  "fwhm_z": 7.1146,
  "gcor": 0.013638529432825295,
  "gsr_x": -0.011529500596225262,
  "gsr_y": 0.06627074629068375,
  "metadata": {
    "EchoTime": 0,
    "FlipAngle": 90,
    "MRAcquisitionType": "2D",
    "MagneticFieldStrength": 3,
    "Manufacturer": "SIEMENS",
    "ManufacturerModelName": "TrioTim",
    "RepetitionTime": 2,
    "ScanOptions": "FS",
    "ScanningSequence": "EP",
    "SequenceName": "epfid2d1_64",
    "SequenceVariant": "SK",
    "SliceTiming": [
      0.0025000000000000022,
      0.5,
      -0.030000000000000027,
      0.46625,
      -0.06374999999999997,
      0.43374999999499997,
      -0.09624999999999995,
      0.399999999995,
      -0.1300000000049999,
      0.367499999995,
      -0.16250000000499998,
      0.33374999999,
      -0.19625000001000004,
      0.30124999999,
      -0.22875000001,
      0.26749999999999996,
      -0.26250000000999996,
      0.235,
      -0.29500000000000004,
      0.20124999999999998,
      -0.32875,
      0.168749999995,
      -0.36124999999999996,
      0.134999999995,
      -0.3950000000049999,
      0.10249999999499998,
      -0.427500000005,
      0.06874999998999998,
      -0.46125000001000005,
      0.036249999990000004
    ],
    "TaskName": "dis",
    "qc_type": "func",
    "run_id": "06",
    "subject_id": "33",
    "task_id": "dis"
  },
  "size_t": 166,
  "size_x": 64,
  "size_y": 64,
  "size_z": 30,
  "snr": 4.992462680113214,
  "spacing_tr": 1.0,
  "spacing_x": 3.125,
  "spacing_y": 3.125,
  "spacing_z": 4.000001430511475,
  "spikes_num": 0,
  "summary_bg_k": 14.458827172250217,
  "summary_bg_mean": 64.45281982421875,
  "summary_bg_p05": 16.903614044189453,
  "summary_bg_p95": 263.9963745117187,
  "summary_bg_stdv": 91.5989761352539,
  "summary_fg_k": 0.9509195332505125,
  "summary_fg_mean": 848.945556640625,
  "summary_fg_p05": 538.3505615234375,
  "summary_fg_p95": 1127.269848632812,
  "summary_fg_stdv": 172.41346740722656,
  "tsnr": 87.30836486816406
}