{
  "aor": 0.0007649397590361447,
  "aqi": 0.004415259578313253,
  "dvars_nstd": 23.122437055575748,
  "dvars_std": 1.233382336242424,
  "dvars_vstd": 0.998418110242425,
  "efc": 0.5714366851008388,
  "fber": 70.55606842041016,
  "fd_mean": 0.18063344675151513,
  "fd_num": 0,
  "fd_perc": 0.0,
  "fwhm_avg": 7.63072,
  "fwhm_x": 6.73526,
  "fwhm_y": 7.88933,
  "fwhm_z": 8.36185,
  "gcor": 0.018446247261690807,
  "gsr_x": -0.021789303049445152,
  "gsr_y": 0.048851191997528076,
  "metadata": {
    "EchoTime": 0,
    "FlipAngle": 90,
    "MRAcquisitionType": "2D",
    "MagneticFieldStrength": 3,
    "Manufacturer": "SIEMENS",
    "ManufacturerModelName": "TrioTim",
    "RepetitionTime": 2,
    "ScanOptions": "FS",
    "ScanningSequence": "EP",
    "SequenceName": "epfid2d1_64",
    "SequenceVariant": "SK",
    "SliceTiming": [
      0.0037500000050000315,
      0.5,
      -0.030000000000000027,
      0.4675,
      -0.0625,
      0.43374999999499997,
      -0.09624999999999995,
      0.401249999995,
      -0.12875000000499992,
      0.367499999995,
      -0.16250000000499998,
      0.33499999998999996,
      -0.19500000000499995,
      0.301250000005,
      -0.228749999995,
      0.26875000000500004,
      -0.2612499999950001,
      0.235,
      -0.29500000000000004,
      0.2025,
      -0.3275,
      0.168749999995,
      -0.36124999999999996,
      0.13624999999499998,
      -0.39375000000499993,
      0.10249999999499998,
      -0.427500000005,
      0.06999999999,
      -0.46000000000499996,
      0.036250000005000005
    ],
    "TaskName": "dis",
    "qc_type": "func",
    "run_id": "01",
    "subject_id": "16",
    "task_id": "dis"
  },
  "size_t": 166,
  "size_x": 64,
  "size_y": 64,
  "size_z": 30,
  "snr": 4.672564577719036,
  "spacing_tr": 1.0,
  "spacing_x": 3.125,
  "spacing_y": 3.125,
  "spacing_z": 3.9999985694885254,
  "spikes_num": 0,
  "summary_bg_k": 12.316559908455686,
  "summary_bg_mean": 67.119140625,
  "summary_bg_p05": 17.8614444732666,
  "summary_bg_p95": 266.71264953613286,
  "summary_bg_stdv": 91.61005401611328,
  "summary_fg_k": 0.5538782944824479,
  "summary_fg_mean": 932.2380981445312,
  "summary_fg_p05": 581.2674438476563,
  "summary_fg_p95": 1255.2746826171874,
  "summary_fg_stdv": 202.28829956054688,
  "tsnr": 75.25568389892578
}