{
  "aor": 0.005953674698795182,
  "aqi": 0.006964054156626506,
  "dvars_nstd": 22.52876681127272,
  "dvars_std": 1.220440608181818,
  "dvars_vstd": 1.042201173757575,
  "efc": 0.62420608182498,
  "fber": 43.07215118408203,
  "fd_mean": 0.31147693678181815,
  "fd_num": 3,
  "fd_perc": 1.8072289156626506,
  "fwhm_avg": 6.55749,
  "fwhm_x": 5.76741,
  "fwhm_y": 6.78528,
  "fwhm_z": 7.20549,
  "gcor": 0.04449101241238146,
  "gsr_x": 0.00272005726583302,
  "gsr_y": 0.07039503753185272,
  "metadata": {
    "EchoTime": 0,
    "FlipAngle": 90,
    "MRAcquisitionType": "2D",
    "MagneticFieldStrength": 3,
    "Manufacturer": "SIEMENS",
    "ManufacturerModelName": "TrioTim",
    "RepetitionTime": 2,
    "ScanOptions": "FS",
    "ScanningSequence": "EP",
    "SequenceName": "epfid2d1_64",
    "SequenceVariant": "SK",
    "SliceTiming": [
      0.0025000000000000022,
      0.5,
      -0.030000000000000027,
      0.46625,
      -0.06374999999999997,
      0.43374999999499997,
      -0.09624999999999995,
      0.40000000001,
      -0.12999999999,
      0.36750000001,
      -0.16249999998999998,
      0.333750000005,
      -0.19624999999500004,
      0.301250000005,
      -0.228749999995,
      0.26749999999999996,
      -0.26249999999500007,
      0.235,
      -0.29500000000000004,
      0.20124999999999998,
      -0.32875,
      0.168749999995,
      -0.36124999999999996,
      0.13500000001,
      -0.39499999999,
      0.10250000000999998,
      -0.42749999999,
      0.06875000000499998,
      -0.46124999999500005,
      0.036250000005000005
    ],
    "TaskName": "dis",
    "qc_type": "func",
    "run_id": "04",
    "subject_id": "08",
    "task_id": "dis"
  },
  "size_t": 166,
  "size_x": 64,
  "size_y": 64,
  "size_z": 30,
  "snr": 5.299501550306074,
  "spacing_tr": 1.0,
  "spacing_x": 3.125,
  "spacing_y": 3.125,
  "spacing_z": 3.999999523162842,
  "spikes_num": 0,
  "summary_bg_k": 8.433101134119749,
  "summary_bg_mean": 72.75741577148438,
  "summary_bg_p05": 16.42168617248535,
  "summary_bg_p95": 291.28493499755854,
  "summary_bg_stdv": 97.77394104003906,
  "summary_fg_k": 1.092749166213249,
  "summary_fg_mean": 785.52197265625,
  "summary_fg_p05": 509.2770812988282,
  "summary_fg_p95": 1018.8656249999999,
  "summary_fg_stdv": 150.7398223876953,
  "tsnr": 67.36355590820312
}