{
  "aor": 0.0014721084337349399,
  "aqi": 0.0038361953012048203,
  "dvars_nstd": 21.448118048,
  "dvars_std": 1.2621740031515156,
  "dvars_vstd": 1.0166335202424241,
  "efc": 0.609963653052273,
  "fber": 68.57897186279297,
  "fd_mean": 0.1674182679430303,
  "fd_num": 0,
  "fd_perc": 0.0,
  "fwhm_avg": 7.10384,
  "fwhm_x": 6.31377,
  "fwhm_y": 7.38876,
  "fwhm_z": 7.68456,
  "gcor": 0.008828309645135719,
  "gsr_x": -0.01371338777244091,
  "gsr_y": 0.06624544411897659,
  "metadata": {
    "EchoTime": 0,
    "FlipAngle": 90,
    "MRAcquisitionType": "2D",
    "MagneticFieldStrength": 3,
    "Manufacturer": "SIEMENS",
    "ManufacturerModelName": "TrioTim",
    "RepetitionTime": 2,
    "ScanOptions": "FS",
    "ScanningSequence": "EP",
    "SequenceName": "epfid2d1_64",
    "SequenceVariant": "SK",
    "SliceTiming": [
      0.0025000000000000022,
      0.5,
      -0.030000000000000027,
      0.46625,
      -0.06374999999999997,
      0.43374999999499997,
      -0.09624999999999995,
      0.399999999995,
      -0.1300000000049999,
      0.36750000001,
      -0.16250000000499998,
      0.333750000005,
      -0.19624999999500004,
      0.301250000005,
      -0.228749999995,
      0.26749999999999996,
      -0.26249999999500007,
      0.235,
      -0.29500000000000004,
      0.20124999999999998,
      -0.32875,
      0.168749999995,
      -0.36124999999999996,
      0.134999999995,
      -0.3950000000049999,
      0.10250000000999998,
      -0.427500000005,
      0.06875000000499998,
      -0.46124999999500005,
      0.036250000005000005
    ],
    "TaskName": "dis",
    "qc_type": "func",
    "run_id": "06",
    "subject_id": "18",
    "task_id": "dis"
  },
  "size_t": 166,
  "size_x": 64,
  "size_y": 64,
  "size_z": 30,
  "snr": 4.920232157942818,
  "spacing_tr": 1.0,
  "spacing_x": 3.125,
  "spacing_y": 3.125,
  "spacing_z": 3.999999761581421,
  "spikes_num": 0,
  "summary_bg_k": 15.180263373168785,
  "summary_bg_mean": 62.980743408203125,
  "summary_bg_p05": 16.93975830078125,
  "summary_bg_p95": 241.52649230957036,
  "summary_bg_stdv": 84.61333465576172,
  "summary_fg_k": 0.8771838583175882,
  "summary_fg_mean": 855.7473754882812,
  "summary_fg_p05": 547.99755859375,
  "summary_fg_p95": 1142.2518188476556,
  "summary_fg_stdv": 175.22946166992188,
  "tsnr": 88.86141204833984
}