{
  "aor": 0.0008239156626506024,
  "aqi": 0.003209758614457831,
  "dvars_nstd": 19.873716695272726,
  "dvars_std": 1.128235826424242,
  "dvars_vstd": 1.000884912848485,
  "efc": 0.5867761436535374,
  "fber": 45.1983528137207,
  "fd_mean": 0.23137744508933328,
  "fd_num": 0,
  "fd_perc": 0.0,
  "fwhm_avg": 7.3177,
  "fwhm_x": 6.49991,
  "fwhm_y": 7.71182,
  "fwhm_z": 7.81734,
  "gcor": 0.024759887212730317,
  "gsr_x": 0.014171883463859558,
  "gsr_y": 0.032514914870262146,
  "metadata": {
    "EchoTime": 0,
    "FlipAngle": 90,
    "MRAcquisitionType": "2D",
    "MagneticFieldStrength": 3,
    "Manufacturer": "SIEMENS",
    "ManufacturerModelName": "TrioTim",
    "RepetitionTime": 2,
    "ScanOptions": "FS",
    "ScanningSequence": "EP",
    "SequenceName": "epfid2d1_64",
    "SequenceVariant": "SK",
    "SliceTiming": [
      0.0025000000000000022,
      0.5,
      -0.030000000000000027,
      0.46625,
      -0.06374999999999997,
      0.43374999999499997,
      -0.09624999999999995,
      0.399999999995,
      -0.1300000000049999,
      0.367499999995,
      -0.16250000000499998,
      0.333750000005,
      -0.19624999999500004,
      0.301250000005,
      -0.228749999995,
      0.26749999999999996,
      -0.26249999999500007,
      0.235,
      -0.29500000000000004,
      0.20124999999999998,
      -0.32875,
      0.168749999995,
      -0.36124999999999996,
      0.134999999995,
      -0.3950000000049999,
      0.10249999999499998,
      -0.427500000005,
      0.06875000000499998,
      -0.46125000001000005,
      0.036250000005000005
    ],
    "TaskName": "dis",
    "qc_type": "func",
    "run_id": "06",
    "subject_id": "42",
    "task_id": "dis"
  },
  "size_t": 166,
  "size_x": 64,
  "size_y": 64,
  "size_z": 30,
  "snr": 4.5985081928121945,
  "spacing_tr": 1.0,
  "spacing_x": 3.125,
  "spacing_y": 3.125,
  "spacing_z": 4.000000476837158,
  "spikes_num": 0,
  "summary_bg_k": 25.450052088946343,
  "summary_bg_mean": 73.19983673095703,
  "summary_bg_p05": 17.807228088378906,
  "summary_bg_p95": 289.84938049316406,
  "summary_bg_stdv": 108.20555877685547,
  "summary_fg_k": 0.7332451590581228,
  "summary_fg_mean": 857.6854248046875,
  "summary_fg_p05": 526.8361328125,
  "summary_fg_p95": 1170.3915283203123,
  "summary_fg_stdv": 189.1040496826172,
  "tsnr": 84.01512908935547
}