{
  "aor": 0.008788072289156625,
  "aqi": 0.007622878493975903,
  "dvars_nstd": 31.961862980303025,
  "dvars_std": 1.262543236484848,
  "dvars_vstd": 1.0792982029696974,
  "efc": 0.580217796651457,
  "fber": 62.644874572753906,
  "fd_mean": 0.49861835931030307,
  "fd_num": 13,
  "fd_perc": 7.831325301204819,
  "fwhm_avg": 7.48036,
  "fwhm_x": 6.53991,
  "fwhm_y": 8.0309,
  "fwhm_z": 7.96952,
  "gcor": 0.08840270214770214,
  "gsr_x": -0.013281986117362976,
  "gsr_y": 0.05671268329024315,
  "metadata": {
    "EchoTime": 0,
    "FlipAngle": 90,
    "MRAcquisitionType": "2D",
    "MagneticFieldStrength": 3,
    "Manufacturer": "SIEMENS",
    "ManufacturerModelName": "TrioTim",
    "RepetitionTime": 2,
    "ScanOptions": "FS",
    "ScanningSequence": "EP",
    "SequenceName": "epfid2d1_64",
    "SequenceVariant": "SK",
    "SliceTiming": [
      0.0025000000000000022,
      0.5,
      -0.030000000000000027,
      0.46625000001,
      -0.06374999999999997,
      0.43375000000999997,
      -0.09624999998999995,
      0.40000000001,
      -0.12999999999,
      0.36750000001,
      -0.16249999998999998,
      0.333750000005,
      -0.19624999999500004,
      0.301250000005,
      -0.228749999995,
      0.26749999999999996,
      -0.26249999999500007,
      0.235,
      -0.29500000000000004,
      0.20125000001499999,
      -0.32875,
      0.16875000001,
      -0.36124999998500007,
      0.13500000001,
      -0.39499999999,
      0.10250000000999998,
      -0.42749999999,
      0.06875000000499998,
      -0.46124999999500005,
      0.036250000005000005
    ],
    "TaskName": "dis",
    "qc_type": "func",
    "run_id": "03",
    "subject_id": "31",
    "task_id": "dis"
  },
  "size_t": 166,
  "size_x": 64,
  "size_y": 64,
  "size_z": 30,
  "snr": 4.812451597173948,
  "spacing_tr": 1.0,
  "spacing_x": 3.125,
  "spacing_y": 3.125,
  "spacing_z": 4.000000953674316,
  "spikes_num": 0,
  "summary_bg_k": 18.318822158225927,
  "summary_bg_mean": 65.86723327636719,
  "summary_bg_p05": 18.5,
  "summary_bg_p95": 246.00601196289062,
  "summary_bg_stdv": 87.43440246582031,
  "summary_fg_k": 0.723448842777616,
  "summary_fg_mean": 847.5362548828125,
  "summary_fg_p05": 518.8457702636719,
  "summary_fg_p95": 1128.6788940429688,
  "summary_fg_stdv": 179.92385864257812,
  "tsnr": 54.677860260009766
}