{
  "aor": 0.0012586144578313253,
  "aqi": 0.006360472349397591,
  "dvars_nstd": 41.912435335030295,
  "dvars_std": 1.230545564181818,
  "dvars_vstd": 0.9810095048484849,
  "efc": 0.6016792626079535,
  "fber": 71.61942291259766,
  "fd_mean": 0.6497152810424243,
  "fd_num": 15,
  "fd_perc": 9.036144578313253,
  "fwhm_avg": 7.41171,
  "fwhm_x": 6.24946,
  "fwhm_y": 8.06659,
  "fwhm_z": 8.0765,
  "gcor": 0.016764630754309964,
  "gsr_x": -0.009989876300096512,
  "gsr_y": 0.0709993913769722,
  "metadata": {
    "EchoTime": 0,
    "FlipAngle": 90,
    "MRAcquisitionType": "2D",
    "MagneticFieldStrength": 3,
    "Manufacturer": "SIEMENS",
    "ManufacturerModelName": "TrioTim",
    "RepetitionTime": 2,
    "ScanOptions": "FS",
    "ScanningSequence": "EP",
    "SequenceName": "epfid2d1_64",
    "SequenceVariant": "SK",
    "SliceTiming": [
      0.0025000000000000022,
      0.5,
      -0.030000000000000027,
      0.46625,
      -0.06374999999999997,
      0.43374999999499997,
      -0.09624999999999995,
      0.40000000001,
      -0.1300000000049999,
      0.36750000001,
      -0.16249999998999998,
      0.333750000005,
      -0.19624999999500004,
      0.301250000005,
      -0.228749999995,
      0.26749999999999996,
      -0.26249999999500007,
      0.235,
      -0.29500000000000004,
      0.20124999999999998,
      -0.32875,
      0.168749999995,
      -0.36124999999999996,
      0.134999999995,
      -0.3950000000049999,
      0.10250000000999998,
      -0.427500000005,
      0.06875000000499998,
      -0.46124999999500005,
      0.036250000005000005
    ],
    "TaskName": "dis",
    "qc_type": "func",
    "run_id": "02",
    "subject_id": "19",
    "task_id": "dis"
  },
  "size_t": 166,
  "size_x": 64,
  "size_y": 64,
  "size_z": 30,
  "snr": 5.047261256492434,
  "spacing_tr": 1.0,
  "spacing_x": 3.125,
  "spacing_y": 3.125,
  "spacing_z": 3.9999990463256836,
  "spikes_num": 0,
  "summary_bg_k": 22.281698618057817,
  "summary_bg_mean": 65.91068267822266,
  "summary_bg_p05": 18.79517936706543,
  "summary_bg_p95": 243.70480346679688,
  "summary_bg_stdv": 88.47806549072266,
  "summary_fg_k": 0.5502819471429685,
  "summary_fg_mean": 915.4463500976562,
  "summary_fg_p05": 587.7559997558594,
  "summary_fg_p95": 1206.17763671875,
  "summary_fg_stdv": 183.7157745361328,
  "tsnr": 67.46653747558594
}