{
  "aor": 0.007386686746987954,
  "aqi": 0.006042447228915664,
  "dvars_nstd": 23.888576236000002,
  "dvars_std": 1.2154653310303034,
  "dvars_vstd": 1.0573813320606058,
  "efc": 0.5531230806946327,
  "fber": 72.04075622558594,
  "fd_mean": 0.3682043615272727,
  "fd_num": 8,
  "fd_perc": 4.819277108433735,
  "fwhm_avg": 6.98808,
  "fwhm_x": 6.20355,
  "fwhm_y": 7.34574,
  "fwhm_z": 7.48857,
  "gcor": 0.07565639105187841,
  "gsr_x": 2.2497646568808705e-05,
  "gsr_y": 0.05306968465447426,
  "metadata": {
    "EchoTime": 0,
    "FlipAngle": 90,
    "MRAcquisitionType": "2D",
    "MagneticFieldStrength": 3,
    "Manufacturer": "SIEMENS",
    "ManufacturerModelName": "TrioTim",
    "RepetitionTime": 2,
    "ScanOptions": "FS",
    "ScanningSequence": "EP",
    "SequenceName": "epfid2d1_64",
    "SequenceVariant": "SK",
    "SliceTiming": [
      0.0037500000050000315,
      0.5,
      -0.030000000000000027,
      0.4675,
      -0.0625,
      0.43374999999499997,
      -0.09624999999999995,
      0.401249999995,
      -0.12875000000499992,
      0.36750000001,
      -0.16250000000499998,
      0.33500000000499996,
      -0.19499999998999995,
      0.301250000005,
      -0.228749999995,
      0.26875000000500004,
      -0.2612499999950001,
      0.235,
      -0.29500000000000004,
      0.2025,
      -0.3275,
      0.168749999995,
      -0.36124999999999996,
      0.13624999999499998,
      -0.39375000000499993,
      0.10250000000999998,
      -0.427500000005,
      0.07000000000500001,
      -0.45999999998999996,
      0.036250000005000005
    ],
    "TaskName": "dis",
    "qc_type": "func",
    "run_id": "06",
    "subject_id": "13",
    "task_id": "dis"
  },
  "size_t": 166,
  "size_x": 64,
  "size_y": 64,
  "size_z": 30,
  "snr": 4.816221958278421,
  "spacing_tr": 1.0,
  "spacing_x": 3.125,
  "spacing_y": 3.125,
  "spacing_z": 4.000001907348633,
  "spikes_num": 0,
  "summary_bg_k": 20.322640985379778,
  "summary_bg_mean": 54.72454833984375,
  "summary_bg_p05": 16.150602340698242,
  "summary_bg_p95": 213.93854217529255,
  "summary_bg_stdv": 80.06487274169922,
  "summary_fg_k": 0.8470082743479277,
  "summary_fg_mean": 805.3900146484375,
  "summary_fg_p05": 495.3963745117188,
  "summary_fg_p95": 1074.916845703125,
  "summary_fg_stdv": 170.00453186035156,
  "tsnr": 64.92898559570312
}