{
  "aor": 0.0019057575757575758,
  "aqi": 0.00525804387878788,
  "dvars_nstd": 22.38167907512196,
  "dvars_std": 1.2361982028048781,
  "dvars_vstd": 1.0088406296951218,
  "efc": 0.5618646114535789,
  "fber": 69.96257019042969,
  "fd_mean": 0.24931197340609756,
  "fd_num": 1,
  "fd_perc": 0.6060606060606061,
  "fwhm_avg": 6.66305,
  "fwhm_x": 5.79904,
  "fwhm_y": 7.055,
  "fwhm_z": 7.23046,
  "gcor": 0.06079546610514323,
  "gsr_x": -0.011722556315362453,
  "gsr_y": 0.05555079132318497,
  "metadata": {
    "EchoTime": 0,
    "FlipAngle": 90,
    "MRAcquisitionType": "2D",
    "MagneticFieldStrength": 3,
    "Manufacturer": "SIEMENS",
    "ManufacturerModelName": "TrioTim",
    "RepetitionTime": 2,
    "ScanOptions": "FS",
    "ScanningSequence": "EP",
    "SequenceName": "epfid2d1_64",
    "SequenceVariant": "SK",
    "SliceTiming": [
      0.0025000000000000022,
      0.5,
      -0.030000000000000027,
      0.46625,
      -0.06374999999999997,
      0.43375000000999997,
      -0.09624999999999995,
      0.40000000001,
      -0.12999999999,
      0.36750000001,
      -0.16249999998999998,
      0.333750000005,
      -0.19624999999500004,
      0.301250000005,
      -0.228749999995,
      0.26749999999999996,
      -0.26249999999500007,
      0.235,
      -0.29500000000000004,
      0.20124999999999998,
      -0.32875,
      0.16875000001,
      -0.36124999999999996,
      0.13500000001,
      -0.39499999999,
      0.10250000000999998,
      -0.42749999999,
      0.06875000000499998,
      -0.46124999999500005,
      0.036250000005000005
    ],
    "TaskName": "dis",
    "qc_type": "func",
    "run_id": "01",
    "subject_id": "04",
    "task_id": "dis"
  },
  "size_t": 165,
  "size_x": 64,
  "size_y": 64,
  "size_z": 30,
  "snr": 5.331689011726361,
  "spacing_tr": 1.0,
  "spacing_x": 3.125,
  "spacing_y": 3.125,
  "spacing_z": 4.000001430511475,
  "spikes_num": 0,
  "summary_bg_k": 22.286806644015478,
  "summary_bg_mean": 54.19010925292969,
  "summary_bg_p05": 15.63636302947998,
  "summary_bg_p95": 224.39847946166992,
  "summary_bg_stdv": 84.53819274902344,
  "summary_fg_k": 1.0158914023088563,
  "summary_fg_mean": 824.9634399414062,
  "summary_fg_p05": 527.7836120605468,
  "summary_fg_p95": 1066.674822998047,
  "summary_fg_stdv": 157.7564697265625,
  "tsnr": 80.1884994506836
}