{
  "aor": 0.0007834939759036143,
  "aqi": 0.005108953192771085,
  "dvars_nstd": 37.28154235630305,
  "dvars_std": 1.2580254849090906,
  "dvars_vstd": 0.9872115670303032,
  "efc": 0.6166604733945873,
  "fber": 63.97840118408203,
  "fd_mean": 0.5422221739072728,
  "fd_num": 10,
  "fd_perc": 6.024096385542169,
  "fwhm_avg": 7.72083,
  "fwhm_x": 6.69869,
  "fwhm_y": 8.30716,
  "fwhm_z": 8.27084,
  "gcor": 0.011887509420693639,
  "gsr_x": -0.018368449062108994,
  "gsr_y": 0.06271997839212418,
  "metadata": {
    "EchoTime": 0,
    "FlipAngle": 90,
    "MRAcquisitionType": "2D",
    "MagneticFieldStrength": 3,
    "Manufacturer": "SIEMENS",
    "ManufacturerModelName": "TrioTim",
    "RepetitionTime": 2,
    "ScanOptions": "FS",
    "ScanningSequence": "EP",
    "SequenceName": "epfid2d1_64",
    "SequenceVariant": "SK",
    "SliceTiming": [
      0.0025000000000000022,
      0.5,
      -0.030000000000000027,
      0.46625,
      -0.06374999999999997,
      0.43374999999499997,
      -0.09624999999999995,
      0.399999999995,
      -0.1300000000049999,
      0.367499999995,
      -0.16250000000499998,
      0.333750000005,
      -0.19625000001000004,
      0.301250000005,
      -0.228749999995,
      0.26749999999999996,
      -0.26249999999500007,
      0.235,
      -0.29500000000000004,
      0.20124999999999998,
      -0.32875,
      0.168749999995,
      -0.36124999999999996,
      0.134999999995,
      -0.3950000000049999,
      0.10249999999499998,
      -0.427500000005,
      0.06874999998999998,
      -0.46125000001000005,
      0.036250000005000005
    ],
    "TaskName": "dis",
    "qc_type": "func",
    "run_id": "01",
    "subject_id": "19",
    "task_id": "dis"
  },
  "size_t": 166,
  "size_x": 64,
  "size_y": 64,
  "size_z": 30,
  "snr": 4.686556511619569,
  "spacing_tr": 1.0,
  "spacing_x": 3.125,
  "spacing_y": 3.125,
  "spacing_z": 3.9999990463256836,
  "spikes_num": 0,
  "summary_bg_k": 14.87143462314932,
  "summary_bg_mean": 74.37472534179688,
  "summary_bg_p05": 19.572288513183594,
  "summary_bg_p95": 273.3867431640624,
  "summary_bg_stdv": 94.6395034790039,
  "summary_fg_k": 0.37455487034058477,
  "summary_fg_mean": 941.1666259765625,
  "summary_fg_p05": 585.3584106445312,
  "summary_fg_p95": 1266.8186279296874,
  "summary_fg_stdv": 202.82907104492188,
  "tsnr": 71.86589050292969
}