{
  "aor": 0.0006857228915662651,
  "aqi": 0.0033025550602409645,
  "dvars_nstd": 18.578574643454548,
  "dvars_std": 1.1109977327878795,
  "dvars_vstd": 1.0030877175757582,
  "efc": 0.5637273453175083,
  "fber": 60.683834075927734,
  "fd_mean": 0.24022160672363638,
  "fd_num": 0,
  "fd_perc": 0.0,
  "fwhm_avg": 6.68868,
  "fwhm_x": 5.87581,
  "fwhm_y": 7.08077,
  "fwhm_z": 7.19237,
  "gcor": 0.028140694262033486,
  "gsr_x": 0.004084240645170212,
  "gsr_y": 0.048206627368927,
  "metadata": {
    "EchoTime": 0,
    "FlipAngle": 90,
    "MRAcquisitionType": "2D",
    "MagneticFieldStrength": 3,
    "Manufacturer": "SIEMENS",
    "ManufacturerModelName": "TrioTim",
    "RepetitionTime": 2,
    "ScanOptions": "FS",
    "ScanningSequence": "EP",
    "SequenceName": "epfid2d1_64",
    "SequenceVariant": "SK",
    "SliceTiming": [
      0.0025000000000000022,
      0.5,
      -0.030000000000000027,
      0.46625,
      -0.06374999999999997,
      0.43374999999499997,
      -0.09624999999999995,
      0.399999999995,
      -0.1300000000049999,
      0.36750000001,
      -0.16250000000499998,
      0.333750000005,
      -0.19624999999500004,
      0.301250000005,
      -0.228749999995,
      0.26749999999999996,
      -0.26249999999500007,
      0.235,
      -0.29500000000000004,
      0.20124999999999998,
      -0.32875,
      0.168749999995,
      -0.36124999999999996,
      0.134999999995,
      -0.3950000000049999,
      0.10250000000999998,
      -0.427500000005,
      0.06875000000499998,
      -0.46124999999500005,
      0.036250000005000005
    ],
    "TaskName": "dis",
    "qc_type": "func",
    "run_id": "06",
    "subject_id": "15",
    "task_id": "dis"
  },
  "size_t": 166,
  "size_x": 64,
  "size_y": 64,
  "size_z": 30,
  "snr": 5.233821550000174,
  "spacing_tr": 1.0,
  "spacing_x": 3.125,
  "spacing_y": 3.125,
  "spacing_z": 4.000000476837158,
  "spikes_num": 0,
  "summary_bg_k": 14.048418341544245,
  "summary_bg_mean": 63.14642333984375,
  "summary_bg_p05": 16.8614444732666,
  "summary_bg_p95": 261.7460754394531,
  "summary_bg_stdv": 89.54752349853516,
  "summary_fg_k": 1.0515409438453531,
  "summary_fg_mean": 837.40625,
  "summary_fg_p05": 518.5150115966798,
  "summary_fg_p95": 1073.2798095703124,
  "summary_fg_stdv": 165.3321533203125,
  "tsnr": 88.8510513305664
}