{
  "aor": 0.0014937951807228915,
  "aqi": 0.00428815421686747,
  "dvars_nstd": 14.725046481212129,
  "dvars_std": 1.1315651927878794,
  "dvars_vstd": 1.0040590905454543,
  "efc": 0.5181489939560189,
  "fber": 88.52251434326172,
  "fd_mean": 0.13880721998836365,
  "fd_num": 0,
  "fd_perc": 0.0,
  "fwhm_avg": 6.67996,
  "fwhm_x": 5.92484,
  "fwhm_y": 6.90215,
  "fwhm_z": 7.28888,
  "gcor": 0.01621450717190662,
  "gsr_x": 0.003861654782667756,
  "gsr_y": 0.041199468076229095,
  "metadata": {
    "EchoTime": 0,
    "FlipAngle": 90,
    "MRAcquisitionType": "2D",
    "MagneticFieldStrength": 3,
    "Manufacturer": "SIEMENS",
    "ManufacturerModelName": "TrioTim",
    "RepetitionTime": 2,
    "ScanOptions": "FS",
    "ScanningSequence": "EP",
    "SequenceName": "epfid2d1_64",
    "SequenceVariant": "SK",
    "SliceTiming": [
      0.0024999999900000014,
      0.5,
      -0.030000000014999917,
      0.46625,
      -0.06374999999999997,
      0.43374999999499997,
      -0.09624999999999995,
      0.399999999995,
      -0.1300000000049999,
      0.367499999995,
      -0.16250000000499998,
      0.33374999999,
      -0.19625000001000004,
      0.30124999999,
      -0.22875000001,
      0.26749999998499996,
      -0.26250000000999996,
      0.235,
      -0.29500000001499993,
      0.20124999999999998,
      -0.32875,
      0.168749999995,
      -0.36124999999999996,
      0.134999999995,
      -0.3950000000049999,
      0.10249999999499998,
      -0.427500000005,
      0.06874999998999998,
      -0.46125000001000005,
      0.036249999990000004
    ],
    "TaskName": "dis",
    "qc_type": "func",
    "run_id": "01",
    "subject_id": "07",
    "task_id": "dis"
  },
  "size_t": 166,
  "size_x": 64,
  "size_y": 64,
  "size_z": 30,
  "snr": 5.437667040715928,
  "spacing_tr": 1.0,
  "spacing_x": 3.125,
  "spacing_y": 3.125,
  "spacing_z": 3.999999761581421,
  "spikes_num": 0,
  "summary_bg_k": 23.40642666405589,
  "summary_bg_mean": 43.84114456176758,
  "summary_bg_p05": 14.162650108337402,
  "summary_bg_p95": 164.8849304199215,
  "summary_bg_stdv": 67.06836700439453,
  "summary_fg_k": 0.9012205185584117,
  "summary_fg_mean": 740.7040405273438,
  "summary_fg_p05": 464.5674560546875,
  "summary_fg_p95": 949.5963745117188,
  "summary_fg_stdv": 140.3240203857422,
  "tsnr": 89.2331771850586
}